USE databaseFIGC;

INSERT INTO Stadio (Nome, Citta, Capienza)
VALUES
    ('Gewiss Stadium', 'Bergamo', 21300),
    ("Stadio Renato Dall'Ara", 'Bologna', 38279),
    ('Stadio Giovanni Zini', 'Cremona', 20641),
    ('Stadio Carlo Castellani', 'Empoli', 16800),
    ('Stadio Artemio Franchi', 'Firenze', 43147),
    ('Stadio Giuseppe Meazza', 'Milano', 75923),
    ('Allianz Stadium', 'Torino', 41507),
    ('Stadio Olimpico', 'Roma', 70634),
    ('Stadio Via del mare', 'Lecce', 31533),
    ('Stadio Brianteo', 'Monza', 18568),
    ('Stadio Diego Armando Maradona', 'Napoli', 54726),
    ('Stadio Arechi', 'Salerno', 37245),
    ('Stadio Luigi Ferraris', 'Genova', 36599),
    ('Mapei Stadium', 'Sassuolo', 23717),
    ('Stadio Alberto Picco', 'La Spezia', 10336),
    ('Stadio Olimpico Grande Torino', 'Torino', 27958),
    ('Dacia Arena', 'Udine', 25144),
    ('Stadio Marcantonio Bentegodi', 'Verona', 39211);

INSERT INTO Squadra (Codice, Nome, Citta, ValoreRosa, Vittorie, Pareggi, Sconfitte, Stadio)
VALUES ('ATA', 'Atalanta', 'Bergamo', 330000000, 2, 0, 0,'Gewiss Stadium'),
       ('BOL', 'Bologna', 'Bologna', 130000000, 1, 0, 1, "Stadio Renato Dall'Ara"),
       ('CRE', 'Cremonese', 'Cremona', 60000000, 1, 0, 1, 'Stadio Giovanni Zini'),
       ('EMP', 'Empoli', 'Empoli', 100000000, 0, 0, 2, 'Stadio Carlo Castellani'),
       ('FIO', 'Fiorentina', 'Firenze', 230000000, 1, 0, 1, 'Stadio Artemio Franchi'),
       ('INT', 'Inter', 'Milano', 530000000, 1, 0, 1, 'Stadio Giuseppe Meazza'),
       ('JUV', 'Juventus', 'Torino', 420000000, 0, 0, 2, 'Allianz Stadium'),
       ('LAZ', 'Lazio', 'Roma', 270000000, 1, 0, 1, 'Stadio Olimpico'),
       ('LEC', 'Lecce', 'Lecce', 95000000, 0, 0, 2, 'Stadio Via del mare'),
       ('MIL', 'Milan', 'Milano', 550000000, 1, 1, 0, 'Stadio Giuseppe Meazza'),
       ('MON', 'Monza', 'Monza', 110000000, 1, 0, 0, 'Stadio Brianteo'),
       ('NAP', 'Napoli', 'Napoli', 630000000, 1, 0, 0, 'Stadio Diego Armando Maradona'),
       ('ROM', 'Roma', 'Roma', 300000000, 0, 0, 1, 'Stadio Olimpico'),
       ('SAL', 'Salernitana', 'Salerno', 100000000, 0, 0, 1, 'Stadio Arechi'),
       ('SAM', 'Sampdoria', 'Genova', 70000000, 0, 0, 1, 'Stadio Luigi Ferraris'),
       ('SAS', 'Sassuolo', 'Sassuolo', 170000000, 1, 0, 0, 'Mapei Stadium'),
       ('SPE', 'Spezia', 'La Spezia', 85000000, 0, 0, 1, 'Stadio Alberto Picco'),
       ('TOR', 'Torino', 'Torino', 170000000, 0, 0, 1, 'Stadio Olimpico Grande Torino'),
       ('UDI', 'Udinese', 'Udine', 140000000, 0, 0, 1, 'Dacia Arena'),
       ('VER', 'Verona', 'Verona', 85000000, 0, 0, 1, 'Stadio Marcantonio Bentegodi');
    
INSERT INTO Allenatore (CF, Nome, Cognome, DataNascita, Nazionalita)
VALUES
    ('GSPGPR58A26A123B', 'Gian Piero', 'Gasperini', '1958-01-26', 'Italia'),
    ('MTGTHG82M28A456C', 'Thiago', 'Motta', '1982-08-28', 'Italia'),
    ('BLDDVD64A06A789D', 'Davide', 'Ballardini', '1964-01-06', 'Italia'),
    ('ZNTPLA73L16A987E', 'Paolo', 'Zanetti', '1973-07-16', 'Italia'),
    ('ITNVNC77T29A012F', 'Vincenzo', 'Italiano', '1977-12-29', 'Italia'),
    ('INSMLN76D05A345G', 'Simone', 'Inzaghi', '1976-04-05', 'Italia'),
    ('ALGMSS67M11A567H', 'Massimiliano', 'Allegri', '1967-08-11', 'Italia'),
    ('SRRMRZ59A10A789I', 'Maurizio', 'Sarri', '1959-01-10', 'Italia'),
    ('BRNMRC63C09A012J', 'Marco', 'Baroni', '1963-02-09', 'Italia'),
    ('PLISTF65P20A456K', 'Stefano', 'Pioli', '1965-10-20', 'Italia'),
    ('PLLRFL84D17A789L', 'Raffaele', 'Palladino', '1984-04-17', 'Italia'),
    ('SPLLCN59C07A345M', 'Luciano', 'Spalletti', '1959-03-07', 'Italia'),
    ('MRNJSE63A26A456N', 'José', 'Mourinho', '1963-01-26', 'Portogallo'),
    ('SSUPLU70M30A789O', 'Paulo', 'Sousa', '1970-08-30', 'Portogallo'),
    ('STKDCN78P07A123P', 'Dejan', 'Stankovic', '1978-09-07', 'Serbia'),
    ('DNSLSI79P14A456Q', 'Alessio', 'Dionisi', '1979-09-14', 'Italia'),
    ('SMPCLN67F05A012R', 'Leonardo', 'Semplici', '1967-06-05', 'Italia'),
    ('JRCVNI75M25A789S', 'Ivan', 'Jurić', '1975-08-25', 'Croazia'),
    ('STTNDR75E17A345T', 'Andrea', 'Sottil', '1975-05-17', 'Italia'),
    ('ZFRMRC70L08A012U', 'Marco', 'Zaffaroni', '1970-07-08', 'Italia');
    
INSERT INTO ContrattoAllenatore (SquadraCodice, AllenatoreCF, DataScadenza, Retribuzione)
VALUES
    ('JUV', 'ALGMSS67M11A567H', '2024-06-30', 7000000),
    ('ROM', 'MRNJSE63A26A456N', '2024-06-30', 7000000),
    ('INT', 'INSMLN76D05A345G', '2024-06-30', 5500000),
    ('MIL', 'PLISTF65P20A456K', '2024-06-30', 4000000),
    ('LAZ', 'SRRMRZ59A10A789I', '2024-06-30', 3000000),
    ('NAP', 'SPLLCN59C07A345M', '2024-06-30', 3000000),
    ('ATA', 'GSPGPR58A26A123B', '2024-06-30', 2200000),
    ('BOL', 'MTGTHG82M28A456C', '2024-06-30', 2000000),
    ('TOR', 'JRCVNI75M25A789S', '2024-06-30', 2000000),
    ('FIO', 'ITNVNC77T29A012F', '2024-06-30', 1700000),
    ('SAS', 'DNSLSI79P14A456Q', '2024-06-30', 850000),
    ('SAL', 'SSUPLU70M30A789O', '2024-06-30', 800000),
    ('SAM', 'STKDCN78P07A123P', '2024-06-30', 700000),
    ('EMP', 'ZNTPLA73L16A987E', '2024-06-30', 600000),
    ('SPE', 'SMPCLN67F05A012R', '2024-06-30', 500000),
    ('LEC', 'BRNMRC63C09A012J', '2024-06-30', 450000),
    ('UDI', 'STTNDR75E17A345T', '2024-06-30', 300000),
    ('MON', 'PLLRFL84D17A789L', '2024-06-30', 200000),
    ('CRE', 'BLDDVD64A06A789D', '2024-06-30', 100000),
    ('VER', 'ZFRMRC70L08A012U', '2024-06-30', 150000);
    
INSERT INTO Calciatore (CF, Nome, Cognome, DataNascita, Nazionalita, Ruolo, Valore, Costo)
VALUES
  ('MSSJHN94E10A123Y', 'Juan', 'Musso', '1994-05-06', 'Argentina', 'Portiere', 25000000, 20000000),
  ('SPTMRC92E10A456X', 'Marco', 'Sportiello', '1992-05-10', 'Italia', 'Portiere', 4000000, 4000000),
  ('RSSFRN90E20A789Z', 'Francesco', 'Rossi', '1990-03-20', 'Italia', 'Portiere', 200000, 0),
  ('SCLGRG03B13C012W', 'Giorgio', 'Scalvini', '2003-02-13', 'Italia', 'Difensore centrale', 1000000, 0),
  ('TLORFL90J10A456V', 'Rafael', 'Tolói', '1990-10-10', 'Brasile', 'Difensore centrale', 12000000, 5600000),
  ('RMRCSR98D27A789U', 'Cristian', 'Romero', '1998-04-27', 'Argentina', 'Difensore centrale', 60000000, 26000000),
  ('DMSBRD93B19A456T', 'Berat', 'Djimsiti', '1993-02-19', 'Albania', 'Difensore centrale', 12000000, 3500000),
  ('PLMJSY88E05A789S', 'José Luis', 'Palomino', '1988-08-05', 'Argentina', 'Difensore centrale', 4000000, 4500000),
  ('ZPPDVD92H11A012R', 'Davide', 'Zappacosta', '1992-06-11', 'Italia', 'Terzino destro', 10000000, 4000000),
  ('MKLMJH97D20A012Q', 'Joakim', 'Maehle', '1997-05-20', 'Danimarca', 'Terzino destro', 25000000, 11000000),
  ('RGRMTT03C10A987P', 'Matteo', 'Ruggeri', '2003-03-10', 'Italia', 'Terzino destro', 1000000, 0),
  ('GSNRBN94E05A456O', 'Robin', 'Gosens', '1994-07-05', 'Germania', 'Terzino sinistro', 40000000, 1500000),
  ('MJHJHN92C21A456N', 'Johan', 'Mojica', '1992-08-21', 'Colombia', 'Terzino sinistro', 2000000, 0),
  ('PCCRTB02B22A012M', 'Roberto', 'Piccoli', '2002-02-22', 'Italia', 'Attaccante', 5000000, 0),
  ('MRLSNR91D16A456L', 'Luis', 'Muriel', '1991-04-16', 'Colombia', 'Attaccante', 35000000, 18000000),
  ('ZPDVN91A01A456K', 'Duván', 'Zapata', '1991-04-01', 'Colombia', 'Attaccante', 45000000, 26000000),
  ('LLCJSP88A29A123J', 'Josip', 'Iličić', '1988-01-29', 'Slovenia', 'Attaccante', 5000000, 5500000),
  ('MRLSKY95C17A789I', 'Aleksey', 'Miranchuk', '1995-10-17', 'Russia', 'Attaccante', 20000000, 14500000),
  ('LMMRS97D30A987H', 'Sam', 'Lammers', '1997-04-30', 'Paesi Bassi', 'Attaccante', 10000000, 9000000),
  ('DLMAMD02D07A012G', 'Amad', 'Diallo', '2002-07-11', "Costa d'Avorio", 'Attaccante', 25000000, 3000000),
  ('PSSMTT97D21A987F', 'Matteo', 'Pessina', '1997-04-21', 'Italia', 'Centrocampista', 25000000, 7000000),
  ('DRNMRT91C29A012E', 'Marten', 'de Roon', '1991-03-29', 'Paesi Bassi', 'Centrocampista', 20000000, 13500000),
  ('FRMLRR92C15A345D', 'Remo', 'Freuler', '1992-04-15', 'Svizzera', 'Centrocampista', 25000000, 2800000),
  ('PSLMRA95C09A456C', 'Mario', 'Pašalić', '1995-02-09', 'Croazia', 'Centrocampista', 15000000, 15000000),
  ('MLNRSL93E04A012B', 'Ruslan', 'Malinovskyi', '1993-05-04', 'Ucraina', 'Centrocampista', 30000000, 13700000),
  ('SKRLKS91H05A123A', 'Lukasz', 'Skorupski', '1991-05-05', 'Polonia', 'Portiere', 8000000, 9000000),
  ('RVGFDR01E05A789B', 'Federico', 'Ravaglia', '2001-02-05', 'Italia', 'Portiere', 1000000, 0),
  ('MLLMRC03A01A456C', 'Marco', 'Molla', '2003-01-02', 'Italia', 'Portiere', 200000, 0),
  ('SLVLRZ88E23A987D', 'Lorenzo', 'De Silvestri', '1988-05-23', 'Italia', 'Terzino destro', 1500000, 0),
  ('TMYTHS98P05A012E', 'Takehiro', 'Tomiyasu', '1998-11-05', 'Giappone', 'Difensore centrale', 20000000, 9000000),
  ('SMDDMR92H18A456F', 'Adama', 'Soumaoro', '1992-06-18', 'Francia', 'Difensore centrale', 4000000, 0),
  ('PZHNHN95B13A789G', 'Nehuen', 'Paz', '1995-02-13', 'Argentina', 'Difensore centrale', 1000000, 0),
  ('CBRGBR99C23A012H', 'Gabriele', 'Corbo', '1999-03-23', 'Italia', 'Difensore centrale', 1500000, 0),
  ('HCCKRN02F10A456I', 'Aaron', 'Hickey', '2002-06-10', 'Scozia', 'Terzino sinistro', 8000000, 2500000),
  ('DJKSMT93B09A789J', 'Mitchell', 'Dijks', '1993-02-09', 'Paesi Bassi', 'Terzino sinistro', 2000000, 0),
  ('CRLSNZ93L20A012K', 'Lorenzo', 'Crisetig', '1993-01-20', 'Italia', 'Centrocampista difensivo', 1500000, 0),
  ('SCHJRD97A23A345L', 'Jerdy', 'Schouten', '1997-04-23', 'Paesi Bassi', 'Centrocampista centrale', 5000000, 3500000),
  ('DMNGZC98G28A678M', 'Nicolas', 'Dominguez', '1998-06-28', 'Argentina', 'Centrocampista centrale', 20000000, 11500000),
  ('SVNBMT99G01A456N', 'Mattias', 'Svanberg', '1999-01-05', 'Svezia', 'Centrocampista centrale', 15000000, 4500000),
  ('SRRRTB91E08A123O', 'Roberto', 'Soriano', '1991-02-08', 'Italia', 'Centrocampista offensivo', 12000000, 6000000),
  ('VGNMNL01B24A789P', 'Emanuel', 'Vignato', '2001-02-24', 'Italia', 'Ala sinistra', 8000000, 4000000),
  ('BRWMSG98G14A789Q', 'Musa', 'Barrow', '1998-11-14', 'Gambia', 'Attaccante', 15000000, 9000000),
  ('ARNMRK89D19A123R', 'Marko', 'Arnautovic', '1989-04-19', 'Austria', 'Attaccante', 8000000, 0),
  ('SNSSCN10I09A456S', 'Nicola', 'Sansone', '1991-09-10', 'Italia', 'Attaccante', 3000000, 7000000),
  ('RSPDCM01F17A789T', 'Giacomo', 'Raspadori', '2001-02-17', 'Italia', 'Attaccante', 15000000, 0),
  ('JWRMSS01B26A012U', 'Musa', 'Juwara', '2001-12-26', 'Gambia', 'Attaccante', 3000000, 0),
  ('PLDQDR99E05A123A', 'Paolo', "D'Amico", '1999-05-05', 'Italia', 'Portiere', 3000000, 2000000),
  ('JHNRDG01L09A789B', 'John', 'Hardwick', '2001-09-09', 'Inghilterra', 'Difensore centrale', 5000000, 3500000),
  ('MNLFRT97A12A456C', 'Manuel', 'Fortunato', '1997-12-12', 'Italia', 'Terzino destro', 2000000, 1500000),
  ('LUCBRC96C15A012D', 'Lucas', 'Cabrini', '1996-03-15', 'Argentina', 'Terzino sinistro', 4000000, 3000000),
  ('ALXDRN98C20A345E', 'Aleksandr', 'Nesterov', '1998-03-20', 'Russia', 'Centrocampista difensivo', 6000000, 4500000),
  ('LRDHMS94C25A678F', 'Leonardo', 'Holmes', '1994-12-25', 'Brasile', 'Centrocampista centrale', 8000000, 6000000),
  ('VNCNTB95G01A789G', 'Vincent', 'Brewer', '1995-01-01', 'Francia', 'Centrocampista offensivo', 10000000, 8000000),
  ('GSSSDV97G06A123H', 'Gustav', 'Svensson', '1997-06-06', 'Svezia', 'Ala sinistra', 12000000, 10000000),
  ('ANDRNK01A30A456I', 'Andrei', 'Nekrasov', '2001-03-30', 'Ucraina', 'Attaccante', 15000000, 12000000),
  ('MRTMRK98D20A678J', 'Martín', 'Márquez', '1998-04-20', 'Messico', 'Portiere', 3000000, 2000000),
  ('JSCZPQ93F25A912K', 'Jan', 'Szczepański', '1993-06-25', 'Polonia', 'Difensore centrale', 4000000, 3000000),
  ('SNDRBN98H01A678L', 'Sander', 'Bendtsen', '1998-01-01', 'Danimarca', 'Terzino destro', 2500000, 1800000),
  ('GVLVDK95H30A345M', 'Gustav', 'Van der Kamp', '1995-03-30', 'Olanda', 'Terzino sinistro', 3500000, 2500000),
  ('DVLJNK97M02A678N', 'David', 'Van Liemt', '1997-02-02', 'Belgio', 'Centrocampista difensivo', 5000000, 4000000),
  ('ADRNNK00M20A912O', 'Adrian', 'Nekeman', '2000-05-20', 'Romania', 'Centrocampista centrale', 6000000, 4500000),
  ('AXLKVN01P01A678P', 'Axel', 'Kovalenko', '2001-01-01', 'Ucraina', 'Ala sinistra', 8000000, 6000000),
  ('MTHJRK99P05A123Q', 'Mathias', 'Hjortkjær', '1999-05-05', 'Danimarca', 'Attaccante', 10000000, 8000000),
  ('BNRJCK98R09A789R', 'Benjamin', 'Jäckel', '1998-09-09', 'Germania', 'Portiere', 3000000, 2000000),
  ('PTRRCC91C22A123A', 'Pietro', 'Terracciano', '1991-03-22', 'Italia', 'Portiere', 3000000, 2000000),
  ('GGLVMR97A09A123B', 'Guglielmo', 'Vicario', '1997-01-09', 'Italia', 'Portiere', 1000000, 0),
  ('SMMRNG97B19A123C', 'Simone', 'Romagnoli', '1997-02-19', 'Italia', 'Difensore centrale', 2000000, 1000000),
  ('RCRDFM96E27A123D', 'Riccardo', 'Fiamozzi', '1996-05-27', 'Italia', 'Difensore centrale', 1500000, 0),
  ('FDRCBR93H25A123E', 'Federico', 'Barba', '1993-06-25', 'Italia', 'Difensore centrale', 2500000, 1000000),
  ('DVDPZP02E05A123F', 'Davide', 'Zappella', '2002-02-05', 'Italia', 'Difensore centrale', 500000, 0),
  ('MBLNZL96B18A123G', "M'Bala", 'Nzola', '1996-02-18', 'Francia', 'Attaccante', 10000000, 5000000),
  ('FLPPBN97B22A123H', 'Filippo', 'Bandinelli', '1997-01-22', 'Italia', 'Centrocampista centrale', 2000000, 1000000),
  ('SMLRCC03A01A123I', 'Samuele', 'Ricci', '2003-01-01', 'Italia', 'Centrocampista centrale', 5000000, 0),
  ('LNRDMS97C22A123J', 'Leonardo', 'Mancuso', '1997-03-22', 'Italia', 'Ala sinistra', 3000000, 2000000),
  ('NDMBJR00C26A123K', 'Nedim', 'Bajrami', '2000-03-26', 'Svizzera', 'Ala destra', 4000000, 2000000),
  ('JCPFZZ01D07A123L', 'Jacopo', 'Fazzini', '2001-02-07', 'Italia', 'Centrocampista centrale', 1000000, 0),
  ('FBMSTR97F26A123M', 'Fabio', 'Maistro', '1997-05-26', 'Italia', 'Centrocampista centrale', 2000000, 1000000),
  ('SMUDDM02E07A123N', 'Samuele', 'Damiani', '2002-02-07', 'Italia', 'Terzino sinistro', 500000, 0),
  ('NDRCMB03B09A123O', 'Andrea', 'Cambiaso', '2003-01-09', 'Italia', 'Attaccante', 1000000, 0),
  ('LCBLDR99C21A123P', 'Luca', 'Belardinelli', '1999-03-21', 'Italia', 'Attaccante', 1500000, 0),
  ('LRNZLL02B02A123Q', 'Lorenzo', 'Lollo', '1998-02-02', 'Italia', 'Centrocampista centrale', 1000000, 0),
  ('SMMSSR03A27A123R', 'Samuele', 'Massaro', '2003-01-27', 'Italia', 'Attaccante', 500000, 0),
  ('LCNTNL87B11A123S', 'Luca', 'Antonelli', '1987-02-11', 'Italia', 'Terzino sinistro', 1000000, 0),
  ('FRNCSC87P06A123T', 'Francesco', 'Caputo', '1987-08-06', 'Italia', 'Attaccante', 5000000, 3000000),
  ('DRGBTL97P19A123A', 'Bartłomiej', 'Drągowski', '1997-08-19', 'Polonia', 'Portiere', 10000000, 6000000),
  ('PTRRCC91C22A123B', 'Pietro', 'Terracciano', '1991-03-22', 'Italia', 'Portiere', 3000000, 2000000),
  ('RNRLCU02A01A123C', 'Luca', 'Ranieri', '2002-01-01', 'Italia', 'Portiere', 500000, 0),
  ('PZZGRN91D27A123E', 'Germán', 'Pezzella', '1991-06-27', 'Argentina', 'Difensore centrale', 15000000, 10000000),
  ('MQRTLS96M10A123F', 'Lucas', 'Martínez Quarta', '1996-05-10', 'Argentina', 'Difensore centrale', 12000000, 8000000),
  ('MLNKVC97S12A123G', 'Nikola', 'Milenković', '1997-10-12', 'Serbia', 'Difensore centrale', 25000000, 15000000),
  ('VNRLNZ97H27A123H', 'Lorenzo', 'Venuti', '1997-06-27', 'Italia', 'Terzino destro', 5000000, 3000000),
  ('BRRCHR92P01A123I', 'Cristiano', 'Biraghi', '1992-09-01', 'Italia', 'Terzino sinistro', 8000000, 5000000),
  ('JLGRGI02B19A123J', 'Igor', 'Julio', '2002-02-19', 'Brasile', 'Terzino sinistro', 1000000, 0),
  ('PLGRCK94P15A123K', 'Erick', 'Pulgar', '1994-01-15', 'Cile', 'Centrocampista centrale', 20000000, 12000000),
  ('MRBTFS96A21A123L', 'Sofyan', 'Amrabat', '1996-08-21', 'Marocco', 'Centrocampista centrale', 15000000, 8000000),
  ('CSTRVT97G17A123M', 'Gaetano', 'Castrovilli', '1997-02-17', 'Italia', 'Centrocampista centrale', 30000000, 20000000),
  ('DNCALF93H10A123N', 'Alfred', 'Duncan', '1993-03-10', 'Ghana', 'Centrocampista centrale', 10000000, 6000000),
  ('MNTTLF02I09A123O', 'Tòfol', 'Montiel', '2002-02-09', 'Spagna', 'Centrocampista centrale', 2000000, 0),
  ('GNZLZL98A06A123P', 'Nicolás', 'González', '1998-04-06', 'Argentina', 'Ala sinistra', 25000000, 15000000),
  ('RBRYFN83E07A123Q', 'Franck', 'Ribéry', '1983-04-07', 'Francia', 'Ala sinistra', 2000000, 0),
  ('CLLJSS87B11A123R', 'José', 'Callejón', '1987-02-11', 'Spagna', 'Ala destra', 5000000, 3000000),
  ('KMCHR97D06A123SD', 'Christian', 'Kouamé', '1997-12-06', "Costa d'Avorio", 'Attaccante', 20000000, 12000000),
  ('HNDSMR84L14H501X', 'Samir', 'Handanovič', '1984-07-14', 'Slovenia', 'Portiere', 15000000, 11000000),
  ('PDLDLN85R25E463R', 'Daniele', 'Padelli', '1985-10-25', 'Italia', 'Portiere', 1000000, 0),
  ('RDUNDN97E12B753T', 'Andrei', 'Radu', '1997-05-12', 'Romania', 'Portiere', 3000000, 2000000),
  ('SKRMNL95B11G482H', 'Milan', 'Škriniar', '1995-02-11', 'Slovacchia', 'Difensore centrale', 60000000, 35000000),
  ('DVRSFN92B05A294Z', 'Stefan', 'de Vrij', '1992-02-05', 'Paesi Bassi', 'Difensore centrale', 50000000, 30000000),
  ('BSTNSN99D13I441S', 'Alessandro', 'Bastoni', '1999-04-13', 'Italia', 'Difensore centrale', 40000000, 25000000),
  ('DMRCFD97S10D612K', 'Federico', 'Dimarco', '1997-11-10', 'Italia', 'Terzino sinistro', 10000000, 5000000),
  ('PRSVMN89C02C652A', 'Ivan', 'Perišić', '1989-02-02', 'Croazia', 'Ala sinistra', 25000000, 16000000),
  ('CLHNHL94E08L731U', 'Hakan', 'Çalhanoğlu', '1994-02-08', 'Turchia', 'Centrocampista centrale', 40000000, 25000000),
  ('BRZVCM92P16C588B', 'Marcelo', 'Brozović', '1992-11-16', 'Croazia', 'Centrocampista centrale', 50000000, 30000000),
  ('BRLNCC97B07G624M', 'Niccolò', 'Barella', '1997-02-07', 'Italia', 'Centrocampista centrale', 70000000, 40000000),
  ('SNSSFN95L05I441N', 'Stefano', 'Sensi', '1995-08-05', 'Italia', 'Centrocampista centrale', 30000000, 20000000),
  ('VDSLRT87E22C351Q', 'Arturo', 'Vidal', '1987-05-22', 'Cile', 'Centrocampista centrale', 10000000, 0),
  ('VCNMTO91M24L539W', 'Matías', 'Vecino', '1991-08-24', 'Uruguay', 'Centrocampista centrale', 15000000, 10000000),
  ('DMSDNL96P18P622H', 'Denzel', 'Dumfries', '1996-04-18', 'Paesi Bassi', 'Terzino destro', 25000000, 20000000),
  ('HKMCHF98R04D735E', 'Achraf', 'Hakimi', '1998-11-04', 'Marocco', 'Terzino destro', 70000000, 50000000),
  ('DMRFTC97S10D612K', 'Federico', 'Dimarco', '1997-11-10', 'Italia', 'Terzino sinistro', 10000000, 5000000),
  ('DZKDNR86B17A944T', 'Edin', 'Džeko', '1986-03-17', 'Bosnia ed Erzegovina', 'Attaccante', 20000000, 15000000),
  ('MRTLRZ97M22A662Y', 'Lautaro', 'Martínez', '1997-08-22', 'Argentina', 'Attaccante', 90000000, 25000000),
  ('SNCHZA88T19C351G', 'Alexis', 'Sánchez', '1988-12-19', 'Cile', 'Attaccante', 20000000, 0),
  ('SZCWCJ90D18B157Y', 'Wojciech', 'Szczęsny', '1990-04-18', 'Polonia', 'Portiere', 20000000, 12200000),
  ('PNSCRL90C13M270E', 'Carlo', 'Pinsoglio', '1990-03-13', 'Italia', 'Portiere', 500000, 0),
  ('PRNMHT92S10I441J', 'Mattia', 'Perin', '1992-11-10', 'Italia', 'Portiere', 10000000, 0),
  ('CHLGRG84M14E281A', 'Giorgio', 'Chiellini', '1984-08-14', 'Italia', 'Difensore centrale', 5000000, 0),
  ('BNCLEN87E01H501S', 'Leonardo', 'Bonucci', '1987-05-01', 'Italia', 'Difensore centrale', 30000000, 17000000),
  ('DLGMMT99P12A662C', 'Matthijs', 'de Ligt', '1999-08-12', 'Paesi Bassi', 'Difensore centrale', 75000000, 75000000),
  ('SLVDNL91L15L841V', 'Danilo Luiz', 'da Silva', '1991-07-15', 'Brasile', 'Terzino destro', 25000000, 37000000),
  ('CRDJNN88E26E463K', 'Juan', 'Cuadrado', '1988-05-26', 'Colombia', 'Terzino destro', 30000000, 20000000),
  ('SNDLXR91B26A944T', 'Alex', 'Sandro', '1991-01-26', 'Brasile', 'Terzino sinistro', 25000000, 26000000),
  ('BRNFRD94B16D969W', 'Federico', 'Bernardeschi', '1994-02-16', 'Italia', 'Ala destra', 20000000, 40000000),
  ('KLNDSV00D25G424K', 'Dejan', 'Kulusevski', '2000-04-25', 'Svezia', 'Ala destra', 50000000, 35000000),
  ('MCWNWN98T28S751E', 'Weston', 'McKennie', '1998-08-28', 'Stati Uniti', 'Centrocampista centrale', 35000000, 18500000),
  ('BNTNCR97H25I441M', 'Rodrigo', 'Bentancur', '1997-06-25', 'Uruguay', 'Centrocampista centrale', 40000000, 9500000),
  ('RBTTDR95D03F205C', 'Adrien', 'Rabiot', '1995-04-03', 'Francia', 'Centrocampista centrale', 30000000, 0),
  ('MRLHRT96M12B285A', 'Arthur', 'Melo', '1996-08-12', 'Brasile', 'Centrocampista centrale', 50000000, 72000000),
  ('RMSYRN90T26B354B', 'Aaron', 'Ramsey', '1990-12-26', 'Galles', 'Centrocampista centrale', 20000000, 0),
  ('DYLPLL93P15H501W', 'Paulo', 'Dybala', '1993-11-15', 'Argentina', 'Attaccante', 70000000, 32000000),
  ('RNDCLT85B05G273N', 'Cristiano', 'Ronaldo', '1985-02-05', 'Portogallo', 'Attaccante', 60000000, 90000000),
  ('KNNMSI00B28A662N', 'Moise', 'Kean', '2000-02-28', 'Italia', 'Attaccante', 40000000, 0),
  ('MRTLVR92R23L736E', 'Alvaro', 'Morata', '1992-10-23', 'Spagna', 'Attaccante', 45000000, 10000000),
  ('STRTHM95C19A662W', 'Thomas', 'Strakosha', '1995-03-19', 'Albania', 'Portiere', 15000000, 0),
  ('RENPPE82M31A662J', 'Pepe', 'Reina', '1982-08-31', 'Spagna', 'Portiere', 1000000, 0),
  ('ALIMRC03A07I441V', 'Marco', 'Alia', '2003-01-07', 'Italia', 'Portiere', 500000, 0),
  ('FLPLZL97C22B354F', 'Luiz', 'Felipe', '1997-03-22', 'Brasile', 'Difensore centrale', 20000000, 0),
  ('CRBFRN88B10I441L', 'Francesco', 'Acerbi', '1988-02-10', 'Italia', 'Difensore centrale', 15000000, 0),
  ('RDTSTF86R22R165K', 'Stefan', 'Radu', '1986-10-22', 'Romania', 'Difensore centrale', 2000000, 0),
  ('VVLDNS96D10C562K', 'Denis', 'Vavro', '1996-04-10', 'Slovacchia', 'Difensore centrale', 10000000, 10000000),
  ('MRSADM92L17D323A', 'Adam', 'Marusic', '1992-10-17', 'Montenegro', 'Terzino destro', 15000000, 0),
  ('LZZMNL93S29I441N', 'Manuel', 'Lazzari', '1993-11-29', 'Italia', 'Terzino destro', 20000000, 10000000),
  ('FRSMHD96L15B157W', 'Mohamed', 'Fares', '1996-02-15', 'Algeria', 'Terzino sinistro', 10000000, 0),
  ('AKPJND92J11D193B', 'Jean-Daniel', 'Akpa Akpro', '1992-10-11', 'Costa d\'Avorio', 'Centrocampista centrale', 10000000, 0),
  ('LCSLV87A09B157F', 'Lucas', 'Leiva', '1987-01-09', 'Brasile', 'Centrocampista centrale', 2000000, 5000000),
  ('LBRTLS92P28I441V', 'Luis', 'Alberto', '1992-09-28', 'Spagna', 'Centrocampista centrale', 50000000, 4000000),
  ('MLNKVC95S27S721G', 'Sergej', 'Milinkovic-Savic', '1995-02-27', 'Serbia', 'Centrocampista centrale', 70000000, 9000000),
  ('ESCGNZ93D27A162N', 'Gonzalo', 'Escalante', '1993-03-27', 'Argentina', 'Centrocampista centrale', 5000000, 0),
  ('PRRNDR96B01I441T', 'Andreas', 'Pereira', '1996-01-01', 'Brasile', 'Centrocampista centrale', 15000000, 0),
  ('NDRFLP93B15B354N', 'Felipe', 'Anderson', '1993-04-15', 'Brasile', 'Ala sinistra', 15000000, 8000000),
  ('PTRSPN87L28I441S', 'Pedro', '', '1987-07-28', 'Spagna', 'Ala destra', 5000000, 0),
  ('MMLCRI90B20I441K', 'Ciro', 'Immobile', '1990-02-20', 'Italia', 'Attaccante', 45000000, 8500000),
  ('MRQVDT94C24D969L', 'Vedat', 'Muriqi', '1994-04-24', 'Kosovo', 'Attaccante', 20000000, 17500000),
  ('VRABRY02B18C562X', 'Brayan', 'Vera', '2002-02-18', 'Colombia', 'Portiere', 100000, 0),
  ('VIGMAU86A26H501F', 'Mauro', 'Vigorito', '1986-03-26', 'Italia', 'Portiere', 300000, 0),
  ('PERRBR97H08G866L', 'Gabriel', 'Pereira', '1997-06-08', 'Brasile', 'Portiere', 200000, 0),
  ('LUCIFA87S22H501Q', 'Fabio', 'Lucioni', '1987-11-22', 'Italia', 'Difensore centrale', 500000, 0),
  ('CALDMA98C05H501P', 'Marco', 'Calderoni', '1998-03-05', 'Italia', 'Terzino sinistro', 1500000, 0),
  ('DELCRI94D01A561T', 'Cristian', 'Dell\'Orco', '1994-04-01', 'Argentina', 'Terzino sinistro', 1500000, 0),
  ('ROSLUC85D09H501R', 'Luca', 'Rossettini', '1985-04-09', 'Italia', 'Difensore centrale', 500000, 0),
  ('MANMAR88C22H501S', 'Marco', 'Mancosu', '1988-03-22', 'Italia', 'Centrocampista centrale', 1500000, 0),
  ('GALANT03C15H501U', 'Antonino', 'Gallo', '2003-03-15', 'Italia', 'Centrocampista centrale', 100000, 0),
  ('SHAYEV89P30C356V', 'Yevhen', 'Shakhov', '1989-04-30', 'Ucraina', 'Centrocampista centrale', 1000000, 0),
  ('MAJZAN99R14G679W', 'Zan', 'Majer', '1999-04-14', 'Slovenia', 'Centrocampista centrale', 2500000, 0),
  ('TUMMAR98M02H501T', 'Marco', 'Tumminello', '1998-03-02', 'Italia', 'Attaccante', 1000000, 0),
  ('LAPGIA90E07H501L', 'Gianluca', 'Lapadula', '1990-02-07', 'Italia', 'Attaccante', 3000000, 0),
  ('MANAND93T12H501I', 'Andrea', 'La Mantia', '1993-04-12', 'Italia', 'Attaccante', 1000000, 0),
  ('FALFIL92B25H501E', 'Filippo', 'Falco', '1992-02-25', 'Italia', 'Ala sinistra', 2000000, 0),
  ('SAPRIC91L21H501R', 'Riccardo', 'Saponara', '1991-12-21', 'Italia', 'Ala sinistra', 2000000, 0),
  ('CATSAL93E17H501V', 'Salvatore', 'Caturano', '1993-05-17', 'Italia', 'Attaccante', 200000, 0),
  ('PIAMAT91A14H501F', 'Matteo', 'Di Piazza', '1991-01-14', 'Italia', 'Attaccante', 200000, 0),
  ('MAGMKE95H03H501W', 'Mike', 'Maignan', '1995-07-03', 'Francia', 'Portiere', 20000000, 15000000),
  ('TATCIP86C09A662W', 'Ciprian', 'Tătărușanu', '1986-02-09', 'Romania', 'Portiere', 1500000, 0),
  ('PLIALE00C12H501L', 'Alessandro', 'Plizzari', '2000-03-12', 'Italia', 'Portiere', 1000000, 0),
  ('CALDAV96D06H501L', 'Davide', 'Calabria', '1996-12-06', 'Italia', 'Terzino destro', 25000000, 0),
  ('KALPIE00E05H501O', 'Pierre', 'Kalulu', '2000-06-05', 'Francia', 'Terzino destro', 5000000, 0),
  ('HERTHE97G06H501F', 'Theo', 'Hernández', '1997-10-06', 'Francia', 'Terzino sinistro', 60000000, 20000000),
  ('TOMFIK97T19H501G', 'Fikayo', 'Tomori', '1997-12-19', 'Inghilterra', 'Difensore centrale', 28000000, 0),
  ('KJASIM89M26D610C', 'Simon', 'Kjær', '1989-03-26', 'Danimarca', 'Difensore centrale', 10000000, 3500000),
  ('ROMALE95A12H501C', 'Alessio', 'Romagnoli', '1995-01-12', 'Italia', 'Difensore centrale', 25000000, 25000000),
  ('GABMAT99R21H501H', 'Matteo', 'Gabbia', '1999-10-21', 'Italia', 'Difensore centrale', 5000000, 0),
  ('TONSAN00P08H501M', 'Sandro', 'Tonali', '2000-05-08', 'Italia', 'Centrocampista centrale', 35000000, 10000000),
  ('KESFRA96D19H501A', 'Franck', 'Kessié', '1996-12-19', 'Costa d\'Avorio', 'Centrocampista centrale', 70000000, 28000000),
  ('BENISM97D01H501Z', 'Ismaël', 'Bennacer', '1997-12-01', 'Algeria', 'Centrocampista centrale', 40000000, 16000000),
  ('BAKTIÉ94G17H501O', 'Tiémoué', 'Bakayoko', '1994-08-17', 'Francia', 'Centrocampista centrale', 20000000, 0),
  ('DIZBRA99E03H501M', 'Brahim', 'Díaz', '1999-08-03', 'Spagna', 'Ala sinistra', 25000000, 3000000),
  ('LEÁRAF99B10H501O', 'Rafael', 'Leão', '1999-06-10', 'Portogallo', 'Attaccante', 40000000, 28000000),
  ('REBANT93B21H501P', 'Ante', 'Rebić', '1993-09-21', 'Croazia', 'Attaccante', 25000000, 5000000),
  ('GIRTOO86P30I754C', 'Olivier', 'Giroud', '1986-09-30', 'Francia', 'Attaccante', 5000000, 1000000),
  ('IBRZLA81C03L410I', 'Zlatan', 'Ibrahimović', '1981-10-03', 'Svezia', 'Attaccante', 3000000, 0),
  ('MALDAN01T11H501H', 'Daniel', 'Maldini', '2001-10-11', 'Italia', 'Attaccante', 2000000, 0),
  ('MDRNRN89B07B963M', 'Andrea', 'Mazzarani', '1989-02-07', 'Italia', 'Centrocampista centrale', 400000, 0),
  ('MTADNY99B09B963Y', 'Dany', 'Mota', '1999-02-09', 'Portogallo', 'Attaccante', 2500000, 0),
  ('BTGKNC87C06D969F', 'Kevin-Prince', 'Boateng', '1987-03-06', 'Ghana', 'Centrocampista centrale', 1000000, 0),
  ('GSCCRL00C22B963W', 'Carlos', 'Augusto', '2000-03-22', 'Brasile', 'Terzino sinistro', 2500000, 0),
  ('DRRCND01C23G962Y', 'Andrea', "D'Errico", '2001-03-23', 'Italia', 'Portiere', 100000, 0),
  ('MRMRLN95G28B963Y', 'Marco', 'Armillino', '1995-06-28', 'Italia', 'Terzino destro', 500000, 0),
  ('BTTDVD01G10B963X', 'Davide', 'Bettella', '2001-03-10', 'Italia', 'Difensore centrale', 2000000, 0),
  ('PLTGBR86E15C968R', 'Gabriel', 'Paletta', '1986-02-15', 'Argentina', 'Difensore centrale', 500000, 0),
  ('GYTCHR90M06D963C', 'Christian', 'Gytkjær', '1990-05-06', 'Danimarca', 'Attaccante', 2000000, 0),
  ('CRNMRK01F26B963Y', 'Marco', 'Carnesecchi', '2001-02-26', 'Italia', 'Portiere', 500000, 0),
  ('SMPMRI92A24B963J', 'Mario', 'Sampirisi', '1992-01-24', 'Italia', 'Terzino destro', 500000, 0),
  ('LVDLCU97B25B963H', 'Luca', 'Vido', '1997-02-25', 'Italia', 'Attaccante', 1500000, 0),
  ('BRRNDR97B01B963R', 'Andrea', 'Barberis', '1997-01-01', 'Italia', 'Centrocampista centrale', 1000000, 0),
  ('FRTDV01D02B963C', 'Davide', 'Frattesi', '1999-02-02', 'Italia', 'Centrocampista centrale', 2500000, 0),
  ('BRSMMR00E28B963N', 'Marco', 'Brescianini', '2000-01-28', 'Italia', 'Centrocampista centrale', 2500000, 0),
  ('BNCEDR02E08B963X', 'Edoardo', 'Bianchi', '2002-02-08', 'Italia', 'Terzino sinistro', 500000, 0),
  ('CNCLMT01F12B963F', 'Matteo', 'Cancellieri', '2001-02-12', 'Italia', 'Attaccante', 100000, 0),
  ('CLPNDR01F14B963C', 'Andrea', 'Colpani', '2001-03-14', 'Italia', 'Centrocampista centrale', 100000, 0),
  ('SCLFPP98C07B963L', 'Filippo', 'Scaglia', '1998-02-07', 'Italia', 'Ala sinistra', 1000000, 0),
  ('MRTLXA97C04B963L', 'Alex', 'Meret', '1997-03-22', 'Italia', 'Portiere', 20000000, 35000000),
  ('SPNVDV88A31A662K', 'David', 'Ospina', '1988-08-31', 'Colombia', 'Portiere', 5000000, 3500000),
  ('CNTNKT00B14B963K', 'Nikita', 'Contini', '2000-02-14', 'San Marino', 'Portiere', 100000, 0),
  ('DLRGNN93C04B963L', 'Giovanni', 'Di Lorenzo', '1993-03-04', 'Italia', 'Terzino destro', 35000000, 8000000),
  ('HSYJED94B20B963O', 'Elseid', 'Hysaj', '1994-02-20', 'Albania', 'Terzino destro', 10000000, 0),
  ('MLCKVN91L31B963M', 'Kévin', 'Malcuit', '1991-07-31', 'Francia', 'Terzino destro', 3000000, 11000000),
  ('RRHMRA94B24B963A', 'Amir', 'Rrahmani', '1994-02-24', 'Kosovo', 'Difensore centrale', 15000000, 14000000),
  ('KLBLDY91L20B963U', 'Kalidou', 'Koulibaly', '1991-06-20', 'Senegal', 'Difensore centrale', 60000000, 7750000),
  ('MKSMLN91S25B963D', 'Nikola', 'Maksimović', '1991-11-25', 'Serbia', 'Difensore centrale', 15000000, 23000000),
  ('LPRSBN96H06B963X', 'Sebastiano', 'Luperto', '1996-06-06', 'Italia', 'Difensore centrale', 1500000, 0),
  ('RMRFNQ91E27B963A', 'Mário', 'Rui', '1991-05-27', 'Portogallo', 'Terzino sinistro', 8000000, 9500000),
  ('GHLFZZ91B01B963F', 'Faouzi', 'Ghoulam', '1991-02-01', 'Algeria', 'Terzino sinistro', 10000000, 5500000),
  ('DMMDG91A21B963O', 'Diego', 'Demme', '1991-11-21', 'Germania', 'Centrocampista centrale', 15000000, 10500000),
  ('LBTBSN94K25B963V', 'Stanislav', 'Lobotka', '1994-11-25', 'Slovacchia', 'Centrocampista centrale', 20000000, 20000000),
  ('FBNRZ96A03B963J', 'Fabián', 'Ruiz', '1996-04-03', 'Spagna', 'Centrocampista centrale', 60000000, 30000000),
  ('ZLNPSR94P20B963I', 'Piotr', 'Zieliński', '1994-05-20', 'Polonia', 'Centrocampista centrale', 50000000, 16000000),
  ('LMSLJT99I24B963N', 'Eljif', 'Elmas', '1999-09-24', 'Macedonia del Nord', 'Centrocampista centrale', 20000000, 16000000),
  ('PLTTMT93G03B963N', 'Matteo', 'Politano', '1993-08-03', 'Italia', 'Ala destra', 20000000, 19000000),
  ('LZNHRV95O30B963O', 'Hirving', 'Lozano', '1995-07-30', 'Messico', 'Ala destra', 40000000, 38000000),
  ('NSGNLR91H04B963S', 'Lorenzo', 'Insigne', '1991-06-04', 'Italia', 'Ala sinistra', 60000000, 1500000),
  ('SMCVTR98D29B963U', 'Victor', 'Osimhen', '1998-12-29', 'Nigeria', 'Attaccante', 60000000, 70000000),
  ('PTCRCC88B15B963L', 'Rui', 'Patrício', '1988-02-15', 'Portogallo', 'Portiere', 8000000, 11500000),
  ('FZTDNL97L04B963D', 'Daniel', 'Fuzato', '1997-07-04', 'Brasile', 'Portiere', 1000000, 0),
  ('MRNNTN83L08B963K', 'Antonio', 'Mirante', '1983-07-08', 'Italia', 'Portiere', 500000, 0),
  ('MNCGLC96D17B963A', 'Gianluca', 'Mancini', '1996-04-17', 'Italia', 'Difensore centrale', 25000000, 20000000),
  ('SMLCHS89S22B963C', 'Chris', 'Smalling', '1989-11-22', 'Inghilterra', 'Difensore centrale', 15000000, 15000000),
  ('BNZRGR98B19B963I', 'Roger', 'Ibañez', '1998-04-19', 'Brasile', 'Difensore centrale', 25000000, 8500000),
  ('KMRLHM00B08B963A', 'Marash', 'Kumbulla', '2000-02-08', 'Albania', 'Difensore centrale', 20000000, 8000000),
  ('KRSRCK95B11B963R', 'Rick', 'Karsdorp', '1995-02-11', 'Paesi Bassi', 'Terzino destro', 8000000, 6500000),
  ('SNTDVD91B02B963D', 'Davide', 'Santon', '1991-01-02', 'Italia', 'Terzino destro', 3000000, 9500000),
  ('VNMTS96K15B963M', 'Matías', 'Viña', '1997-06-15', 'Uruguay', 'Terzino sinistro', 20000000, 12000000),
  ('SPNLNR93C25B963L', 'Leonardo', 'Spinazzola', '1993-03-25', 'Italia', 'Terzino sinistro', 35000000, 29500000),
  ('RNLDY01P28B963B', 'Bryan', 'Reynolds', '2001-06-28', 'Stati Uniti', 'Terzino destro', 5000000, 6750000),
  ('VRTJRD93F01B963J', 'Jordan', 'Veretout', '1993-03-01', 'Francia', 'Centrocampista centrale', 40000000, 17000000),
  ('DWRMD97G17B963A', 'Amadou', 'Diawara', '1997-07-17', 'Guinea', 'Centrocampista centrale', 20000000, 21000000),
  ('PLLRNZ96H19B963L', 'Lorenzo', 'Pellegrini', '1996-06-19', 'Italia', 'Centrocampista centrale', 45000000, 10000000),
  ('DRBBRM03E17B963B', 'Ebrima', 'Darboe', '2003-02-17', 'Gambia', 'Centrocampista centrale', 1500000, 0),
  ('VLLGNZ98P03B963G', 'Gonzalo', 'Villar', '1998-09-03', 'Spagna', 'Centrocampista centrale', 20000000, 4500000),
  ('MKHHRN89A21B963B', 'Henrikh', 'Mkhitaryan', '1989-01-21', 'Armenia', 'Ala destra', 20000000, 0),
  ('PRZCRS98M16B963C', 'Carles', 'Pérez', '1998-02-16', 'Spagna', 'Ala destra', 15000000, 11000000),
  ('SHRWST92N27B963S', 'Stephan', 'El Shaarawy', '1992-10-27', 'Italia', 'Ala sinistra', 10000000, 16000000),
  ('BRHMTM97T02B963A', 'Tammy', 'Abraham', '1997-10-02', 'Inghilterra', 'Attaccante', 45000000, 40000000),
  ('MR19950612ITA', 'Marco', 'Rossi', '1995-06-12', 'Italia', 'Portiere', 1000000, 500000),
  ('LB19980923ITA', 'Luca', 'Bianchi', '1998-09-23', 'Italia', 'Difensore centrale', 2000000, 1000000),
  ('FN19960305ITA', 'Fabio', 'Neri', '1996-03-05', 'Italia', 'Difensore centrale', 1500000, 750000),
  ('GE19971118ITA', 'Giuseppe', 'Esposito', '1997-11-18', 'Italia', 'Terzino destro', 1500000, 1250000),
  ('MR19990729ITA', 'Matteo', 'Russo', '1999-07-29', 'Italia', 'Terzino sinistro', 2000000, 1500000),
  ('AC19940314ITA', 'Andrea', 'Conti', '1994-03-14', 'Italia', 'Centrocampista centrale', 5000000, 3000000),
  ('FB19951208ITA', 'Federico', 'Bianchi', '1995-12-08', 'Italia', 'Centrocampista centrale', 3000000, 2000000),
  ('MD19980527ITA', 'Marco', 'De Luca', '1998-05-27', 'Italia', 'Centrocampista centrale', 2500000, 1500000),
  ('AM19970910ITA', 'Alessandro', 'Moretti', '1997-09-10', 'Italia', 'Ala destra', 3000000, 2500000),
  ('LR19960202ITA', 'Lorenzo', 'Rossi', '1996-02-02', 'Italia', 'Ala sinistra', 3500000, 2750000),
  ('AB19990819ITA', 'Andrea', 'Bianco', '1999-08-19', 'Italia', 'Attaccante', 4000000, 3000000),
  ('ME19981111ITA', 'Marco', 'Esposito', '1998-11-11', 'Italia', 'Attaccante', 3500000, 2500000),
  ('SR19970706ITA', 'Simone', 'Rizzo', '1997-07-06', 'Italia', 'Attaccante', 2500000, 1750000),
  ('GL19960122ITA', 'Gabriele', 'Lombardi', '1996-01-22', 'Italia', 'Portiere', 1500000, 750000),
  ('MF19980917ITA', 'Matteo', 'Ferrari', '1998-09-17', 'Italia', 'Difensore centrale', 1000000, 500000),
  ('LS19970403ITA', 'Luca', 'Santoro', '1997-04-03', 'Italia', 'Terzino destro', 1500000, 1000000),
  ('MG19990212ITA', 'Marco', 'Giordano', '1999-02-12', 'Italia', 'Centrocampista centrale', 2000000, 1500000),
  ('AL19950628ITA', 'Andrea', 'Lombardi', '1995-06-28', 'Italia', 'Attaccante', 3000000, 2000000),
  ('EM19970118ITA', 'Emil', 'Audero', '1997-01-18', 'Italia', 'Portiere', 12000000, 5400000),
  ('NR19920506ITA', 'Nicola', 'Ravaglia', '1992-05-06', 'Italia', 'Portiere', 500000, 0),
  ('WF20020207ITA', 'Wladimiro', 'Falcone', '2002-02-07', 'Italia', 'Portiere', 100000, 0),
  ('BB19920712POL', 'Bartosz', 'Bereszyński', '1992-07-12', 'Polonia', 'Terzino destro', 6000000, 2500000),
  ('MY19880824JPN', 'Maya', 'Yoshida', '1988-08-24', 'Giappone', 'Difensore centrale', 2500000, 0),
  ('OC19921024GMB', 'Omar', 'Colley', '1992-10-24', 'Gambia', 'Difensore centrale', 10000000, 8000000),
  ('AF19970115ITA', 'Alex', 'Ferrari', '1997-01-15', 'Italia', 'Difensore centrale', 1500000, 0),
  ('TA19940122ITA', 'Tommaso', 'Augello', '1994-01-22', 'Italia', 'Terzino sinistro', 8000000, 2500000),
  ('VR19900909ITA', 'Vasco', 'Regini', '1990-09-09', 'Italia', 'Terzino sinistro', 1500000, 0),
  ('MT19960505NOR', 'Morten', 'Thorsby', '1996-05-05', 'Norvegia', 'Centrocampista centrale', 10000000, 6000000),
  ('AE19890728SWE', 'Albin', 'Ekdal', '1989-07-28', 'Svezia', 'Centrocampista centrale', 6000000, 2500000),
  ('AS19890315POR', 'Adrien', 'Silva', '1989-03-15', 'Portogallo', 'Centrocampista centrale', 5000000, 2500000),
  ('MD20000703DNK', 'Mikkel', 'Damsgaard', '2000-07-03', 'Danimarca', 'Ala destra', 25000000, 6000000),
  ('AC19870228ITA', 'Antonio', 'Candreva', '1987-02-28', 'Italia', 'Ala destra', 5000000, 0),
  ('JJ19960119CZE', 'Jakub', 'Jankto', '1996-01-19', 'Repubblica Ceca', 'Ala sinistra', 15000000, 7000000),
  ('VV19940701ITA', 'Valerio', 'Verre', '1994-07-01', 'Italia', 'Centrocampista centrale', 2500000, 1500000),
  ('RV19980719ENG', 'Ronaldo', 'Vieira', '1998-07-19', 'Inghilterra', 'Centrocampista centrale', 5000000, 3500000),
  ('FQ19830131ITA', 'Fabio', 'Quagliarella', '1983-01-31', 'Italia', 'Attaccante', 2000000, 4000000),
  ('AC19870127ITA', 'Andrea', 'Consigli', '1987-01-27', 'Italia', 'Portiere', 5000000, 4000000),
  ('GP19810318ITA', 'Gianluca', 'Pegolo', '1981-03-18', 'Italia', 'Portiere', 500000, 0),
  ('ST20010519ITA', 'Stefano', 'Turati', '2001-05-19', 'Italia', 'Portiere', 1000000, 0),
  ('VC19891114ROU', 'Vlad', 'Chiricheș', '1989-11-14', 'Romania', 'Difensore centrale', 8000000, 6000000),
  ('FP19840120ITA', 'Federico', 'Peluso', '1984-01-20', 'Italia', 'Difensore centrale', 1500000, 0),
  ('GM19920515ITA', 'Gian Marco', 'Ferrari', '1992-05-15', 'Italia', 'Difensore centrale', 15000000, 9000000),
  ('M19950907BRA', 'Marlon', 'Da Silva', '1995-09-07', 'Brasile', 'Difensore centrale', 10000000, 6000000),
  ('KA19941110TUR', 'Kaan', 'Ayhan', '1994-11-10', 'Turchia', 'Difensore centrale', 12000000, 8000000),
  ('JT19940808GER', 'Jeremy', 'Toljan', '1994-08-08', 'Germania', 'Terzino destro', 6000000, 4000000),
  ('MM19990403TUR', 'Mert', 'Müldür', '1999-04-03', 'Turchia', 'Terzino destro', 12000000, 5000000),
  ('R19970804BRA', 'Rogerio', 'Da Silva', '1997-08-04', 'Brasile', 'Terzino sinistro', 8000000, 4000000),
  ('GK19950212GRE', 'Georgios', 'Kyriakopoulos', '1995-02-12', 'Grecia', 'Terzino sinistro', 10000000, 3000000),
  ('ML19980108ITA', 'Manuel', 'Locatelli', '1998-01-08', 'Italia', 'Centrocampista centrale', 40000000, 12000000),
  ('ML19971204FRA', 'Maxime', 'Lopez', '1997-12-04', 'Francia', 'Centrocampista centrale', 15000000, 8000000),
  ('PO19920327GNQ', 'Pedro', 'Obiang', '1992-03-27', 'Guinea Equatoriale', 'Centrocampista centrale', 5000000, 3000000),
  ('FD19920130SRB', 'Filip', 'Đuričić', '1992-01-30', 'Serbia', 'Ala destra', 12000000, 6000000),
  ('DB19940801ITA', 'Domenico', 'Berardi', '1994-08-01', 'Italia', 'Ala destra', 50000000, 4500000),
  ('HJT20000217CIV', 'Hamed Junior', 'Traorè', '2000-02-17', "Costa d'Avorio", 'Centrocampista centrale', 20000000, 8000000),
  ('JZ19910106NLD', 'Jeroen', 'Zoet', '1991-01-06', 'Paesi Bassi', 'Portiere', 2500000, 0),
  ('IP19940301ITA', 'Ivan', 'Provedel', '1994-03-01', 'Italia', 'Portiere', 1500000, 0),
  ('TK19990728LTU', 'Titas', 'Krapikas', '1999-07-28', 'Lituania', 'Portiere', 500000, 0),
  ('SB20020208ITA', 'Simone', 'Bastoni', '2002-02-08', 'Italia', 'Difensore centrale', 1000000, 0),
  ('ME19970320HRV', 'Martin', 'Erlić', '1997-03-20', 'Croazia', 'Difensore centrale', 2000000, 1500000),
  ('CT19880417ITA', 'Claudio', 'Terzi', '1988-04-17', 'Italia', 'Difensore centrale', 1500000, 0),
  ('AI19960629KSV', 'Adrian', 'Ismajli', '1996-06-29', 'Kosovo', 'Difensore centrale', 2500000, 1500000),
  ('SF20020205ESP', 'Salvador', 'Ferrer', '2002-02-05', 'Spagna', 'Terzino destro', 1000000, 0),
  ('LV19970222ITA', 'Luca', 'Vignali', '1997-02-22', 'Italia', 'Terzino destro', 2000000, 1000000),
  ('RM19990501ITA', 'Riccardo', 'Marchizza', '1999-05-01', 'Italia', 'Terzino sinistro', 3000000, 1500000),
  ('SI19900726URY', 'Salvador', 'Ichazo', '1990-07-26', 'Uruguay', 'Terzino sinistro', 1000000, 0),
  ('LA20020209FRA', 'Lucien', 'Agoumé', '2002-02-09', 'Francia', 'Centrocampista centrale', 5000000, 2500000),
  ('MR19970101ITA', 'Matteo', 'Ricci', '1997-01-01', 'Italia', 'Centrocampista centrale', 2500000, 1500000),
  ('NE19970310ARG', 'Nahuel', 'Estévez', '1997-03-10', 'Argentina', 'Centrocampista centrale', 3000000, 2000000),
  ('GM19970222ITA', 'Giulio', 'Maggiore', '1997-02-22', 'Italia', 'Centrocampista centrale', 3000000, 1500000),
  ('LS19950306BRA', 'Léo', 'Sena', '1995-03-06', 'Brasile', 'Centrocampista centrale', 5000000, 3000000),
  ('KA19980509COL', 'Kevin', 'Agudelo', '1998-05-09', 'Colombia', 'Ala destra', 3000000, 2000000),
  ('DF19900606BRA', 'Diego', 'Farias', '1990-06-06', 'Brasile', 'Ala sinistra', 2500000, 1500000),
  ('DV19960120ITA', 'Daniele', 'Verde', '1996-01-20', 'Italia', 'Ala sinistra', 2000000, 1500000),
  ('VMS19970220SRB', 'Vanja', 'Milinković-Savić', '1997-02-20', 'Serbia', 'Portiere', 15000000, 0),
  ('SU19880705KSV', 'Samir', 'Ujkani', '1988-07-05', 'Kosovo', 'Portiere', 500000, 0),
  ('LG20030528ITA', 'Luca', 'Gemello', '2003-05-28', 'Italia', 'Portiere', 100000, 0),
  ('B19970218BRA', 'Bremer', 'Nikolas', '1997-02-18', 'Brasile', 'Difensore centrale', 10000000, 8000000),
  ('L19970201BRA', 'Lyanco', 'Nico', '1997-02-01', 'Brasile', 'Difensore centrale', 8000000, 6000000),
  ('GB19970218BRA', 'Gleison', 'Bremer', '1997-02-18', 'Brasile', 'Difensore centrale', 10000000, 8000000),
  ('AI19920302ITA', 'Armando', 'Izzo', '1992-03-02', 'Italia', 'Difensore centrale', 15000000, 8000000),
  ('RR19920825CHE', 'Ricardo', 'Rodríguez', '1992-08-25', 'Svizzera', 'Terzino sinistro', 6000000, 3000000),
  ('MV19950801KSV', 'Mërgim', 'Vojvoda', '1995-08-01', 'Kosovo', 'Terzino destro', 5000000, 3000000),
  ('WS20020412CIV', 'Wilfried', 'Singo', '2002-04-12', 'Costa d\'Avorio', 'Terzino destro', 10000000, 0),
  ('SL19960827SRB', 'Sasa', 'Lukic', '1996-08-27', 'Serbia', 'Centrocampista centrale', 10000000, 4000000),
  ('KL19950202POL', 'Karol', 'Linetty', '1995-02-02', 'Polonia', 'Centrocampista centrale', 12000000, 8000000),
  ('TR19880113VEN', 'Tomás', 'Rincón', '1988-01-13', 'Venezuela', 'Centrocampista centrale', 4000000, 3000000),
  ('DB19920312ITA', 'Daniele', 'Baselli', '1992-03-12', 'Italia', 'Centrocampista centrale', 5000000, 6000000),
  ('SZ19950129SRB', 'Saša', 'Zdjelar', '1995-01-29', 'Serbia', 'Centrocampista centrale', 2500000, 0),
  ('SV19920712ITA', 'Simone', 'Verdi', '1992-07-12', 'Italia', 'Ala destra', 8000000, 6000000),
  ('FB19970521ITA', 'Federico', 'Bonazzoli', '1997-05-21', 'Italia', 'Attaccante', 5000000, 3000000),
  ('AS19960304PRY', 'Antonio', 'Sanabria', '1996-03-04', 'Paraguay', 'Attaccante', 10000000, 7000000),
  ('JM19940506ARG', 'Juanito', 'Musso', '1994-05-06', 'Argentina', 'Portiere', 20000000, 4000000),
  ('MG20030222ITA', 'Manuel', 'Gasparini', '2003-02-22', 'Italia', 'Portiere', 100000, 0),
  ('SS19960531ITA', 'Simone', 'Scuffet', '1996-05-31', 'Italia', 'Portiere', 1500000, 0),
  ('BN19900504NLD', 'Bram', 'Nuytinck', '1990-05-04', 'Paesi Bassi', 'Difensore centrale', 2500000, 3000000),
  ('KB19960519ITA', 'Kevin', 'Bonifazi', '1996-05-19', 'Italia', 'Difensore centrale', 5000000, 3000000),
  ('RB19960219BRA', 'Rodrigo', 'Becão', '1996-02-19', 'Brasile', 'Difensore centrale', 8000000, 3000000),
  ('S19940704BRA', 'Samir', '', '1994-07-04', 'Brasile', 'Difensore centrale', 10000000, 4000000),
  ('MZ19900812NLD', 'Marvin', 'Zeegelaar', '1990-08-12', 'Paesi Bassi', 'Terzino sinistro', 2500000, 0),
  ('NM19980108ARG', 'Nahuel', 'Molina', '1998-01-08', 'Argentina', 'Terzino destro', 10000000, 4000000),
  ('JSL19910221DNK', 'Jens Stryger', 'Larsen', '1991-02-21', 'Danimarca', 'Terzino destro', 3000000, 3000000),
  ('TO19960711NLD', 'Thomas', 'Ouwejan', '1996-07-11', 'Paesi Bassi', 'Terzino sinistro', 2500000, 2000000),
  ('W19950404BRA', 'Walace', '', '1995-04-04', 'Brasile', 'Centrocampista centrale', 8000000, 6000000),
  ('TA19900816DEU', 'Tolgay', 'Arslan', '1990-08-16', 'Germania', 'Centrocampista centrale', 2500000, 0),
  ('MC20010101MLI', 'Mamadou', 'Coulibaly', '2001-01-01', 'Mali', 'Centrocampista centrale', 2000000, 0),
  ('GD19940313ESP', 'Gerard', 'Deulofeu', '1994-03-13', 'Spagna', 'Ala destra', 10000000, 1000000),
  ('IP19951221ARG', 'Ignacio', 'Pussetto', '1995-12-21', 'Argentina', 'Ala destra', 5000000, 7000000),
  ('FL19850226ESP', 'Fernando', 'Llorente', '1985-02-26', 'Spagna', 'Attaccante', 2500000, 0),
  ('SO19890809ITA', 'Stefano', 'Okaka', '1989-08-09', 'Italia', 'Attaccante', 2500000, 4000000),
  ('MS19910302ITA', 'Marco', 'Silvestri', '1991-03-02', 'Italia', 'Portiere', 8000000, 0),
  ('LM19950615ITA', 'Lorenzo', 'Montipò', '1995-06-15', 'Italia', 'Portiere', 1500000, 0),
  ('IP20030209HRV', 'Ivor', 'Pandur', '2003-02-09', 'Croazia', 'Portiere', 100000, 0),
  ('FC19920711ITA', 'Federico', 'Ceccherini', '1992-07-11', 'Italia', 'Difensore centrale', 2500000, 0),
  ('KG19940816TUR', 'Koray', 'Günter', '1994-08-16', 'Turchia', 'Difensore centrale', 2500000, 0),
  ('ML20000306ITA', 'Matteo', 'Lovato', '2000-03-06', 'Italia', 'Difensore centrale', 10000000, 0),
  ('FD19971110ITA', 'Federico', 'Dimarco', '1997-11-10', 'Italia', 'Terzino sinistro', 8000000, 0),
  ('DL19901215SRB', 'Darko', 'Lazović', '1990-12-15', 'Serbia', 'Terzino destro', 2500000, 0),
  ('DF19911025ITA', 'Davide', 'Faraoni', '1991-10-25', 'Italia', 'Terzino destro', 4000000, 0),
  ('MC19970415TUR', 'Mert', 'Çetin', '1997-04-15', 'Turchia', 'Difensore centrale', 5000000, 0),
  ('MV19860511PRT', 'Miguel', 'Veloso', '1986-05-11', 'Portogallo', 'Centrocampista centrale', 2500000, 0),
  ('AT19940204CMR', 'Adrien', 'Tameze', '1994-02-04', 'Camerun', 'Centrocampista centrale', 4000000, 0),
  ('RV19980719GBR', 'Ronaldo', 'Vieira', '1998-07-19', 'Inghilterra', 'Centrocampista centrale', 5000000, 0),
  ('AB19941203CZE', 'Antonin', 'Barak', '1994-12-03', 'Repubblica Ceca', 'Centrocampista centrale', 5000000, 0),
  ('NK19880105HRV', 'Nikola', 'Kalinić', '1988-01-05', 'Croazia', 'Attaccante', 2500000, 0),
  ('ES20011001ITA', 'Eddie', 'Salcedo', '2001-10-01', 'Italia', 'Attaccante', 5000000, 0),
  ('KL19920814ITA', 'Kevin', 'Lasagna', '1992-08-14', 'Italia', 'Attaccante', 5000000, 0);
  
INSERT INTO ContrattoCalciatore (SquadraCodice, CalciatoreCF, DataScadenza, Retribuzione)
VALUES
  ('ATA', 'MSSJHN94E10A123Y', '2024-06-30', 4000000),
  ('ATA', 'SPTMRC92E10A456X', '2023-12-31', 3000000),
  ('ATA', 'RSSFRN90E20A789Z', '2024-07-15', 2500000),
  ('ATA', 'SCLGRG03B13C012W', '2023-11-30', 1500000),
  ('ATA', 'TLORFL90J10A456V', '2024-06-30', 2000000),
  ('ATA', 'RMRCSR98D27A789U', '2023-12-31', 6000000),
  ('ATA', 'DMSBRD93B19A456T', '2024-07-15', 1200000),
  ('ATA', 'PLMJSY88E05A789S', '2023-11-30', 4000000),
  ('ATA', 'ZPPDVD92H11A012R', '2024-06-30', 10000000),
  ('ATA', 'MKLMJH97D20A012Q', '2023-12-31', 25000000),
  ('ATA', 'RGRMTT03C10A987P', '2024-07-15', 1000000),
  ('ATA', 'GSNRBN94E05A456O', '2023-11-30', 40000000),
  ('ATA', 'MJHJHN92C21A456N', '2024-06-30', 2000000),
  ('ATA', 'PCCRTB02B22A012M', '2023-12-31', 5000000),
  ('ATA', 'MRLSNR91D16A456L', '2024-07-15', 35000000),
  ('ATA', 'ZPDVN91A01A456K', '2023-11-30', 45000000),
  ('ATA', 'LLCJSP88A29A123J', '2024-06-30', 5000000),
  ('ATA', 'MRLSKY95C17A789I', '2023-12-31', 20000000),
  ('ATA', 'LMMRS97D30A987H', '2024-07-15', 10000000),
  ('ATA', 'DLMAMD02D07A012G', '2023-11-30', 25000000),
  ('ATA', 'PSSMTT97D21A987F', '2024-06-30', 25000000),
  ('ATA', 'DRNMRT91C29A012E', '2023-12-31', 20000000),
  ('ATA', 'FRMLRR92C15A345D', '2024-07-15', 25000000),
  ('ATA', 'PSLMRA95C09A456C', '2023-11-30', 15000000),
  ('ATA', 'MLNRSL93E04A012B', '2024-06-30', 30000000),
  ('BOL', 'SKRLKS91H05A123A', '2024-06-30', 1500000),
  ('BOL', 'RVGFDR01E05A789B', '2023-12-31', 500000),
  ('BOL', 'MLLMRC03A01A456C', '2024-05-31', 200000),
  ('BOL', 'SLVLRZ88E23A987D', '2023-09-30', 1000000),
  ('BOL', 'TMYTHS98P05A012E', '2026-06-30', 3000000),
  ('BOL', 'SMDDMR92H18A456F', '2024-12-31', 800000),
  ('BOL', 'PZHNHN95B13A789G', '2023-12-31', 500000),
  ('BOL', 'CBRGBR99C23A012H', '2024-06-30', 1000000),
  ('BOL', 'HCCKRN02F10A456I', '2025-03-31', 1800000),
  ('BOL', 'DJKSMT93B09A789J', '2024-06-30', 900000),
  ('BOL', 'CRLSNZ93L20A012K', '2024-12-31', 1200000),
  ('BOL', 'SCHJRD97A23A345L', '2025-06-30', 2500000),
  ('BOL', 'DMNGZC98G28A678M', '2026-06-30', 7000000),
  ('BOL', 'SVNBMT99G01A456N', '2025-12-31', 4000000),
  ('BOL', 'SRRRTB91E08A123O', '2025-06-30', 3000000),
  ('BOL', 'VGNMNL01B24A789P', '2024-12-31', 1500000),
  ('BOL', 'BRWMSG98G14A789Q', '2026-06-30', 5000000),
  ('BOL', 'ARNMRK89D19A123R', '2024-12-31', 1000000),
  ('BOL', 'SNSSCN10I09A456S', '2025-06-30', 2500000),
  ('BOL', 'RSPDCM01F17A789T', '2024-06-30', 2000000),
  ('BOL', 'JWRMSS01B26A012U', '2026-06-30', 1500000),
  ('CRE', 'PLDQDR99E05A123A', '2024-06-30', 1500000),
  ('CRE', 'JHNRDG01L09A789B', '2023-12-31', 2500000),
  ('CRE', 'MNLFRT97A12A456C', '2023-06-30', 1000000),
  ('CRE', 'LUCBRC96C15A012D', '2024-05-31', 2000000),
  ('CRE', 'ALXDRN98C20A345E', '2024-03-31', 3000000),
  ('CRE', 'LRDHMS94C25A678F', '2024-12-31', 4000000),
  ('CRE', 'VNCNTB95G01A789G', '2023-12-31', 5000000),
  ('CRE', 'GSSSDV97G06A123H', '2024-06-30', 6000000),
  ('CRE', 'ANDRNK01A30A456I', '2024-06-30', 7000000),
  ('CRE', 'MRTMRK98D20A678J', '2023-12-31', 1500000),
  ('CRE', 'JSCZPQ93F25A912K', '2023-06-30', 2000000),
  ('CRE', 'SNDRBN98H01A678L', '2024-05-31', 1200000),
  ('CRE', 'GVLVDK95H30A345M', '2024-03-31', 1800000),
  ('CRE', 'DVLJNK97M02A678N', '2024-12-31', 2500000),
  ('CRE', 'ADRNNK00M20A912O', '2023-12-31', 3000000),
  ('CRE', 'AXLKVN01P01A678P', '2024-06-30', 4000000),
  ('CRE', 'MTHJRK99P05A123Q', '2024-06-30', 5000000),
  ('CRE', 'BNRJCK98R09A789R', '2023-12-31', 1500000),
  ('EMP', 'PTRRCC91C22A123A', '2024-06-30', 2500000),
  ('EMP', 'GGLVMR97A09A123B', '2025-05-31', 1500000),
  ('EMP', 'SMMRNG97B19A123C', '2026-04-30', 1800000),
  ('EMP', 'RCRDFM96E27A123D', '2024-12-31', 1000000),
  ('EMP', 'FDRCBR93H25A123E', '2025-11-30', 2000000),
  ('EMP', 'DVDPZP02E05A123F', '2026-10-31', 500000),
  ('EMP', 'MBLNZL96B18A123G', '2024-09-30', 8000000),
  ('EMP', 'FLPPBN97B22A123H', '2025-08-31', 1200000),
  ('EMP', 'SMLRCC03A01A123I', '2026-07-31', 5000000),
  ('EMP', 'LNRDMS97C22A123J', '2024-06-30', 3000000),
  ('EMP', 'NDMBJR00C26A123K', '2025-05-31', 3500000),
  ('EMP', 'JCPFZZ01D07A123L', '2026-04-30', 800000),
  ('EMP', 'FBMSTR97F26A123M', '2024-12-31', 1500000),
  ('EMP', 'SMUDDM02E07A123N', '2025-11-30', 400000),
  ('EMP', 'NDRCMB03B09A123O', '2026-10-31', 800000),
  ('EMP', 'LCBLDR99C21A123P', '2024-09-30', 1200000),
  ('EMP', 'LRNZLL02B02A123Q', '2025-08-31', 800000),
  ('EMP', 'SMMSSR03A27A123R', '2026-07-31', 300000),
  ('EMP', 'LCNTNL87B11A123S', '2024-06-30', 900000),
  ('EMP', 'FRNCSC87P06A123T', '2025-05-31', 4000000),
  ('FIO', 'DRGBTL97P19A123A', '2024-06-30', 4000000),
  ('FIO', 'PTRRCC91C22A123B', '2023-06-30', 2000000),
  ('FIO', 'RNRLCU02A01A123C', '2027-06-30', 1000000),
  ('FIO', 'PZZGRN91D27A123E', '2025-06-30', 8000000),
  ('FIO', 'MQRTLS96M10A123F', '2024-06-30', 6000000),
  ('FIO', 'MLNKVC97S12A123G', '2026-06-30', 12000000),
  ('FIO', 'VNRLNZ97H27A123H', '2025-06-30', 3000000),
  ('FIO', 'BRRCHR92P01A123I', '2024-06-30', 4000000),
  ('FIO', 'JLGRGI02B19A123J', '2027-06-30', 500000),
  ('FIO', 'PLGRCK94P15A123K', '2025-06-30', 10000000),
  ('FIO', 'MRBTFS96A21A123L', '2024-06-30', 8000000),
  ('FIO', 'CSTRVT97G17A123M', '2026-06-30', 15000000),
  ('FIO', 'DNCALF93H10A123N', '2024-06-30', 4000000),
  ('FIO', 'MNTTLF02I09A123O', '2027-06-30', 1000000),
  ('FIO', 'GNZLZL98A06A123P', '2025-06-30', 12000000),
  ('FIO', 'RBRYFN83E07A123Q', '2024-06-30', 2000000),
  ('FIO', 'CLLJSS87B11A123R', '2023-06-30', 3000000),
  ('FIO', 'KMCHR97D06A123SD', '2025-06-30', 10000000),
  ('INT', 'HNDSMR84L14H501X', '2024-12-31', 12000000),
  ('INT', 'PDLDLN85R25E463R', '2023-06-30', 800000),
  ('INT', 'RDUNDN97E12B753T', '2025-06-30', 2500000),
  ('INT', 'SKRMNL95B11G482H', '2024-12-31', 30000000),
  ('INT', 'DVRSFN92B05A294Z', '2023-06-30', 22000000),
  ('INT', 'BSTNSN99D13I441S', '2024-06-30', 18000000),
  ('INT', 'DMRCFD97S10D612K', '2022-12-31', 5000000),
  ('INT', 'PRSVMN89C02C652A', '2023-06-30', 18000000),
  ('INT', 'CLHNHL94E08L731U', '2025-06-30', 28000000),
  ('INT', 'BRZVCM92P16C588B', '2024-06-30', 35000000),
  ('INT', 'BRLNCC97B07G624M', '2026-06-30', 50000000),
  ('INT', 'SNSSFN95L05I441N', '2024-12-31', 18000000),
  ('INT', 'VDSLRT87E22C351Q', '2023-06-30', 6000000),
  ('INT', 'VCNMTO91M24L539W', '2025-06-30', 10000000),
  ('INT', 'DMSDNL96P18P622H', '2024-06-30', 22000000),
  ('INT', 'HKMCHF98R04D735E', '2026-06-30', 60000000),
  ('INT', 'DMRFTC97S10D612K', '2022-12-31', 5000000),
  ('INT', 'DZKDNR86B17A944T', '2023-06-30', 12000000),
  ('INT', 'MRTLRZ97M22A662Y', '2025-06-30', 45000000),
  ('INT', 'SNCHZA88T19C351G', '2024-12-31', 15000000),
  ('JUV', 'SZCWCJ90D18B157Y', '2025-06-30', 5000000),
  ('JUV', 'PNSCRL90C13M270E', '2024-12-31', 1000000),
  ('JUV', 'PRNMHT92S10I441J', '2023-06-30', 3000000),
  ('JUV', 'CHLGRG84M14E281A', '2024-06-30', 2000000),
  ('JUV', 'BNCLEN87E01H501S', '2025-06-30', 6000000),
  ('JUV', 'DLGMMT99P12A662C', '2026-06-30', 9000000),
  ('JUV', 'SLVDNL91L15L841V', '2025-06-30', 7000000),
  ('JUV', 'CRDJNN88E26E463K', '2024-12-31', 4000000),
  ('JUV', 'SNDLXR91B26A944T', '2024-06-30', 3500000),
  ('JUV', 'BRNFRD94B16D969W', '2026-06-30', 4500000),
  ('JUV', 'KLNDSV00D25G424K', '2025-06-30', 8000000),
  ('JUV', 'MCWNWN98T28S751E', '2024-12-31', 6000000),
  ('JUV', 'BNTNCR97H25I441M', '2023-06-30', 3500000),
  ('JUV', 'RBTTDR95D03F205C', '2024-12-31', 3000000),
  ('JUV', 'MRLHRT96M12B285A', '2025-06-30', 9000000),
  ('JUV', 'RMSYRN90T26B354B', '2023-06-30', 2000000),
  ('JUV', 'DYLPLL93P15H501W', '2024-06-30', 7000000),
  ('JUV', 'RNDCLT85B05G273N', '2026-06-30', 10000000),
  ('JUV', 'KNNMSI00B28A662N', '2025-06-30', 5000000),
  ('JUV', 'MRTLVR92R23L736E', '2024-12-31', 4000000),
  ('LAZ', 'STRTHM95C19A662W', '2024-06-30', 2000000),
  ('LAZ', 'RENPPE82M31A662J', '2023-12-31', 1000000),
  ('LAZ', 'ALIMRC03A07I441V', '2025-06-30', 500000),
  ('LAZ', 'FLPLZL97C22B354F', '2026-06-30', 3000000),
  ('LAZ', 'CRBFRN88B10I441L', '2024-06-30', 2500000),
  ('LAZ', 'RDTSTF86R22R165K', '2023-12-31', 1500000),
  ('LAZ', 'VVLDNS96D10C562K', '2025-06-30', 4000000),
  ('LAZ', 'MRSADM92L17D323A', '2024-06-30', 2500000),
  ('LAZ', 'LZZMNL93S29I441N', '2026-06-30', 3500000),
  ('LAZ', 'FRSMHD96L15B157W', '2023-12-31', 2000000),
  ('LAZ', 'AKPJND92J11D193B', '2025-06-30', 3000000),
  ('LAZ', 'LCSLV87A09B157F', '2024-06-30', 1500000),
  ('LAZ', 'LBRTLS92P28I441V', '2026-06-30', 4000000),
  ('LAZ', 'MLNKVC95S27S721G', '2024-06-30', 5000000),
  ('LAZ', 'ESCGNZ93D27A162N', '2023-12-31', 2500000),
  ('LAZ', 'PRRNDR96B01I441T', '2025-06-30', 3500000),
  ('LAZ', 'NDRFLP93B15B354N', '2024-06-30', 2000000),
  ('LAZ', 'PTRSPN87L28I441S', '2026-06-30', 3000000),
  ('LAZ', 'MMLCRI90B20I441K', '2024-06-30', 2500000),
  ('LAZ', 'MRQVDT94C24D969L', '2025-06-30', 4000000),
  ('LEC', 'VRABRY02B18C562X', '2024-06-30', 50000),
  ('LEC', 'VIGMAU86A26H501F', '2023-12-31', 150000),
  ('LEC', 'PERRBR97H08G866L', '2024-06-30', 100000),
  ('LEC', 'LUCIFA87S22H501Q', '2023-12-31', 250000),
  ('LEC', 'CALDMA98C05H501P', '2024-06-30', 700000),
  ('LEC', 'DELCRI94D01A561T', '2024-06-30', 700000),
  ('LEC', 'ROSLUC85D09H501R', '2023-12-31', 250000),
  ('LEC', 'MANMAR88C22H501S', '2024-06-30', 700000),
  ('LEC', 'GALANT03C15H501U', '2025-06-30', 50000),
  ('LEC', 'SHAYEV89P30C356V', '2024-06-30', 400000),
  ('LEC', 'MAJZAN99R14G679W', '2024-06-30', 1000000),
  ('LEC', 'TUMMAR98M02H501T', '2024-06-30', 500000),
  ('LEC', 'LAPGIA90E07H501L', '2025-06-30', 1500000),
  ('LEC', 'MANAND93T12H501I', '2024-06-30', 500000),
  ('LEC', 'FALFIL92B25H501E', '2024-06-30', 800000),
  ('LEC', 'SAPRIC91L21H501R', '2025-06-30', 800000),
  ('LEC', 'CATSAL93E17H501V', '2024-06-30', 70000),
  ('LEC', 'PIAMAT91A14H501F', '2024-06-30', 70000),
  ('MIL', 'MAGMKE95H03H501W', '2026-06-30', 5000000),
  ('MIL', 'TATCIP86C09A662W', '2024-06-30', 1000000),
  ('MIL', 'PLIALE00C12H501L', '2025-06-30', 800000),
  ('MIL', 'CALDAV96D06H501L', '2027-06-30', 1500000),
  ('MIL', 'KALPIE00E05H501O', '2026-06-30', 1200000),
  ('MIL', 'HERTHE97G06H501F', '2028-06-30', 3000000),
  ('MIL', 'TOMFIK97T19H501G', '2025-06-30', 2000000),
  ('MIL', 'KJASIM89M26D610C', '2024-06-30', 1800000),
  ('MIL', 'ROMALE95A12H501C', '2026-06-30', 4000000),
  ('MIL', 'GABMAT99R21H501H', '2025-06-30', 900000),
  ('MIL', 'TONSAN00P08H501M', '2027-06-30', 2500000),
  ('MIL', 'KESFRA96D19H501A', '2028-06-30', 5000000),
  ('MIL', 'BENISM97D01H501Z', '2025-06-30', 3500000),
  ('MIL', 'BAKTIÉ94G17H501O', '2024-06-30', 1500000),
  ('MIL', 'DIZBRA99E03H501M', '2026-06-30', 2000000),
  ('MIL', 'LEÁRAF99B10H501O', '2028-06-30', 4000000),
  ('MIL', 'REBANT93B21H501P', '2025-06-30', 3000000),
  ('MIL', 'GIRTOO86P30I754C', '2024-06-30', 1200000),
  ('MIL', 'IBRZLA81C03L410I', '2023-06-30', 1000000),
  ('MIL', 'MALDAN01T11H501H', '2025-06-30', 800000),
  ('MON', 'MDRNRN89B07B963M', '2024-06-30', 300000),
  ('MON', 'MTADNY99B09B963Y', '2023-06-30', 2000000),
  ('MON', 'BTGKNC87C06D969F', '2022-06-30', 900000),
  ('MON', 'GSCCRL00C22B963W', '2023-06-30', 1800000),
  ('MON', 'DRRCND01C23G962Y', '2024-06-30', 80000),
  ('MON', 'MRMRLN95G28B963Y', '2025-06-30', 400000),
  ('MON', 'BTTDVD01G10B963X', '2024-06-30', 1500000),
  ('MON', 'PLTGBR86E15C968R', '2023-06-30', 450000),
  ('MON', 'GYTCHR90M06D963C', '2023-06-30', 1700000),
  ('MON', 'CRNMRK01F26B963Y', '2024-06-30', 400000),
  ('MON', 'SMPMRI92A24B963J', '2023-06-30', 400000),
  ('MON', 'LVDLCU97B25B963H', '2024-06-30', 1200000),
  ('MON', 'BRRNDR97B01B963R', '2024-06-30', 900000),
  ('MON', 'FRTDV01D02B963C', '2023-06-30', 2000000),
  ('MON', 'BRSMMR00E28B963N', '2024-06-30', 2000000),
  ('MON', 'BNCEDR02E08B963X', '2025-06-30', 400000),
  ('MON', 'CNCLMT01F12B963F', '2024-06-30', 80000),
  ('MON', 'CLPNDR01F14B963C', '2024-06-30', 80000),
  ('MON', 'SCLFPP98C07B963L', '2023-06-30', 900000),
  ('NAP', 'MRTLXA97C04B963L', '2025-06-30', 4000000),
  ('NAP', 'SPNVDV88A31A662K', '2024-12-31', 1500000),
  ('NAP', 'CNTNKT00B14B963K', '2023-06-30', 50000),
  ('NAP', 'DLRGNN93C04B963L', '2026-06-30', 6000000),
  ('NAP', 'HSYJED94B20B963O', '2023-12-31', 2000000),
  ('NAP', 'MLCKVN91L31B963M', '2024-06-30', 1500000),
  ('NAP', 'RRHMRA94B24B963A', '2025-06-30', 3000000),
  ('NAP', 'KLBLDY91L20B963U', '2024-06-30', 7000000),
  ('NAP', 'MKSMLN91S25B963D', '2023-12-31', 5000000),
  ('NAP', 'LPRSBN96H06B963X', '2022-12-31', 1000000),
  ('NAP', 'RMRFNQ91E27B963A', '2023-06-30', 2000000),
  ('NAP', 'GHLFZZ91B01B963F', '2024-06-30', 1500000),
  ('NAP', 'DMMDG91A21B963O', '2025-06-30', 4000000),
  ('NAP', 'LBTBSN94K25B963V', '2024-12-31', 3000000),
  ('NAP', 'FBNRZ96A03B963J', '2025-06-30', 6000000),
  ('NAP', 'ZLNPSR94P20B963I', '2024-06-30', 2500000),
  ('NAP', 'LMSLJT99I24B963N', '2023-12-31', 2000000),
  ('NAP', 'PLTTMT93G03B963N', '2024-06-30', 2500000),
  ('NAP', 'LZNHRV95O30B963O', '2025-06-30', 5000000),
  ('NAP', 'NSGNLR91H04B963S', '2026-06-30', 1000000),
  ('NAP', 'SMCVTR98D29B963U', '2025-06-30', 8000000),
  ('ROM', 'PTCRCC88B15B963L', '2025-06-30', 300000),
  ('ROM', 'FZTDNL97L04B963D', '2024-06-30', 150000),
  ('ROM', 'MRNNTN83L08B963K', '2023-06-30', 100000),
  ('ROM', 'MNCGLC96D17B963A', '2026-06-30', 500000),
  ('ROM', 'SMLCHS89S22B963C', '2024-06-30', 400000),
  ('ROM', 'BNZRGR98B19B963I', '2025-06-30', 350000),
  ('ROM', 'KMRLHM00B08B963A', '2026-06-30', 300000),
  ('ROM', 'KRSRCK95B11B963R', '2024-06-30', 250000),
  ('ROM', 'SNTDVD91B02B963D', '2024-06-30', 200000),
  ('ROM', 'VNMTS96K15B963M', '2025-06-30', 400000),
  ('ROM', 'SPNLNR93C25B963L', '2026-06-30', 500000),
  ('ROM', 'RNLDY01P28B963B', '2024-06-30', 250000),
  ('ROM', 'VRTJRD93F01B963J', '2025-06-30', 450000),
  ('ROM', 'DWRMD97G17B963A', '2026-06-30', 350000),
  ('ROM', 'PLLRNZ96H19B963L', '2025-06-30', 400000),
  ('ROM', 'DRBBRM03E17B963B', '2024-06-30', 150000),
  ('ROM', 'VLLGNZ98P03B963G', '2025-06-30', 300000),
  ('ROM', 'MKHHRN89A21B963B', '2024-06-30', 200000),
  ('ROM', 'PRZCRS98M16B963C', '2025-06-30', 250000),
  ('ROM', 'SHRWST92N27B963S', '2024-06-30', 350000),
  ('ROM', 'BRHMTM97T02B963A', '2025-06-30', 450000),
  ('SAL', 'MR19950612ITA', '2024-06-30', 600000),
  ('SAL', 'LB19980923ITA', '2025-12-31', 900000),
  ('SAL', 'FN19960305ITA', '2023-06-30', 700000),
  ('SAL', 'GE19971118ITA', '2024-06-30', 1000000),
  ('SAL', 'MR19990729ITA', '2023-12-31', 800000),
  ('SAL', 'AC19940314ITA', '2026-06-30', 1500000),
  ('SAL', 'FB19951208ITA', '2025-06-30', 1000000),
  ('SAL', 'MD19980527ITA', '2024-12-31', 800000),
  ('SAL', 'AM19970910ITA', '2025-06-30', 1200000),
  ('SAL', 'LR19960202ITA', '2024-12-31', 1000000),
  ('SAL', 'AB19990819ITA', '2023-12-31', 1100000),
  ('SAL', 'ME19981111ITA', '2024-06-30', 900000),
  ('SAL', 'SR19970706ITA', '2023-06-30', 800000),
  ('SAL', 'GL19960122ITA', '2025-06-30', 700000),
  ('SAL', 'MF19980917ITA', '2024-12-31', 800000),
  ('SAL', 'LS19970403ITA', '2025-06-30', 900000),
  ('SAL', 'MG19990212ITA', '2024-06-30', 1000000),
  ('SAL', 'AL19950628ITA', '2023-12-31', 1100000),
  ('SAM', 'EM19970118ITA', '2026-06-30', 1000000),
  ('SAM', 'NR19920506ITA', '2025-06-30', 50000),
  ('SAM', 'WF20020207ITA', '2025-06-30', 20000),
  ('SAM', 'BB19920712POL', '2024-06-30', 800000),
  ('SAM', 'MY19880824JPN', '2025-06-30', 400000),
  ('SAM', 'OC19921024GMB', '2026-06-30', 1500000),
  ('SAM', 'AF19970115ITA', '2024-06-30', 200000),
  ('SAM', 'TA19940122ITA', '2025-06-30', 700000),
  ('SAM', 'VR19900909ITA', '2024-06-30', 100000),
  ('SAM', 'MT19960505NOR', '2026-06-30', 1200000),
  ('SAM', 'AE19890728SWE', '2025-06-30', 600000),
  ('SAM', 'AS19890315POR', '2024-06-30', 500000),
  ('SAM', 'MD20000703DNK', '2027-06-30', 2000000),
  ('SAM', 'AC19870228ITA', '2024-06-30', 400000),
  ('SAM', 'JJ19960119CZE', '2025-06-30', 900000),
  ('SAM', 'VV19940701ITA', '2024-06-30', 300000),
  ('SAM', 'RV19980719ENG', '2026-06-30', 800000),
  ('SAM', 'FQ19830131ITA', '2023-06-30', 1000000),
  ('SAS', 'AC19870127ITA', '2025-06-30', 3000000),
  ('SAS', 'GP19810318ITA', '2024-12-31', 200000),
  ('SAS', 'ST20010519ITA', '2026-06-30', 500000),
  ('SAS', 'VC19891114ROU', '2023-12-31', 4000000),
  ('SAS', 'FP19840120ITA', '2024-06-30', 600000),
  ('SAS', 'GM19920515ITA', '2026-06-30', 7000000),
  ('SAS', 'M19950907BRA', '2025-12-31', 4500000),
  ('SAS', 'KA19941110TUR', '2024-12-31', 5500000),
  ('SAS', 'JT19940808GER', '2023-06-30', 3500000),
  ('SAS', 'MM19990403TUR', '2025-12-31', 4000000),
  ('SAS', 'R19970804BRA', '2024-06-30', 3000000),
  ('SAS', 'GK19950212GRE', '2025-12-31', 2500000),
  ('SAS', 'ML19980108ITA', '2027-06-30', 9000000),
  ('SAS', 'ML19971204FRA', '2026-06-30', 5000000),
  ('SAS', 'PO19920327GNQ', '2024-06-30', 2000000),
  ('SAS', 'FD19920130SRB', '2025-12-31', 4500000),
  ('SAS', 'DB19940801ITA', '2026-06-30', 5500000),
  ('SAS', 'HJT20000217CIV', '2024-12-31', 6000000),
  ('SPE', 'JZ19910106NLD', '2024-06-30', 2000000),
  ('SPE', 'IP19940301ITA', '2026-06-30', 1000000),
  ('SPE', 'TK19990728LTU', '2025-06-30', 500000),
  ('SPE', 'SB20020208ITA', '2024-06-30', 800000),
  ('SPE', 'ME19970320HRV', '2023-12-31', 1500000),
  ('SPE', 'CT19880417ITA', '2024-06-30', 100000),
  ('SPE', 'AI19960629KSV', '2023-12-31', 1000000),
  ('SPE', 'SF20020205ESP', '2025-06-30', 600000),
  ('SPE', 'LV19970222ITA', '2026-06-30', 900000),
  ('SPE', 'RM19990501ITA', '2025-12-31', 1200000),
  ('SPE', 'SI19900726URY', '2024-06-30', 150000),
  ('SPE', 'LA20020209FRA', '2025-12-31', 1500000),
  ('SPE', 'MR19970101ITA', '2026-06-30', 800000),
  ('SPE', 'NE19970310ARG', '2024-12-31', 1100000),
  ('SPE', 'GM19970222ITA', '2023-06-30', 1000000),
  ('SPE', 'LS19950306BRA', '2025-12-31', 2000000),
  ('SPE', 'KA19980509COL', '2026-06-30', 1800000),
  ('SPE', 'DF19900606BRA', '2024-12-31', 1500000),
  ('SPE', 'DV19960120ITA', '2025-06-30', 1400000),
  ('TOR', 'VMS19970220SRB', '2025-06-30', 2000000),
  ('TOR', 'SU19880705KSV', '2024-06-30', 800000),
  ('TOR', 'LG20030528ITA', '2027-06-30', 50000),
  ('TOR', 'B19970218BRA', '2026-06-30', 6000000),
  ('TOR', 'L19970201BRA', '2026-06-30', 5000000),
  ('TOR', 'GB19970218BRA', '2026-06-30', 6000000),
  ('TOR', 'AI19920302ITA', '2026-06-30', 7000000),
  ('TOR', 'RR19920825CHE', '2024-06-30', 4000000),
  ('TOR', 'MV19950801KSV', '2025-06-30', 3000000),
  ('TOR', 'WS20020412CIV', '2028-06-30', 5000),
  ('TOR', 'SL19960827SRB', '2025-06-30', 4000000),
  ('TOR', 'KL19950202POL', '2026-06-30', 6000000),
  ('TOR', 'TR19880113VEN', '2023-06-30', 3500000),
  ('TOR', 'DB19920312ITA', '2026-06-30', 5000000),
  ('TOR', 'SZ19950129SRB', '2024-06-30', 1500000),
  ('TOR', 'SV19920712ITA', '2025-06-30', 4500000),
  ('TOR', 'FB19970521ITA', '2024-06-30', 2500000),
  ('TOR', 'AS19960304PRY', '2026-06-30', 6000000),
  ('UDI', 'JM19940506ARG', '2025-06-30', 2000000),
  ('UDI', 'MG20030222ITA', '2024-06-30', 800000),
  ('UDI', 'SS19960531ITA', '2027-06-30', 50000),
  ('UDI', 'BN19900504NLD', '2026-06-30', 6000000),
  ('UDI', 'KB19960519ITA', '2026-06-30', 5000000),
  ('UDI', 'RB19960219BRA', '2026-06-30', 6000000),
  ('UDI', 'S19940704BRA', '2026-06-30', 7000000),
  ('UDI', 'MZ19900812NLD', '2024-06-30', 4000000),
  ('UDI', 'NM19980108ARG', '2025-06-30', 3000000),
  ('UDI', 'JSL19910221DNK', '2028-06-30', 5000),
  ('UDI', 'TO19960711NLD', '2025-06-30', 4000000),
  ('UDI', 'W19950404BRA', '2026-06-30', 6000000),
  ('UDI', 'TA19900816DEU', '2023-06-30', 3500000),
  ('UDI', 'MC20010101MLI', '2026-06-30', 5000000),
  ('UDI', 'GD19940313ESP', '2024-06-30', 1500000),
  ('UDI', 'IP19951221ARG', '2025-06-30', 4500000),
  ('UDI', 'FL19850226ESP', '2024-06-30', 2500000),
  ('UDI', 'SO19890809ITA', '2026-06-30', 6000000),
  ('VER', 'MS19910302ITA', '2024-06-30', 2000000),
  ('VER', 'LM19950615ITA', '2023-06-30', 800000),
  ('VER', 'IP20030209HRV', '2026-06-30', 50000),
  ('VER', 'FC19920711ITA', '2025-06-30', 6000000),
  ('VER', 'KG19940816TUR', '2025-06-30', 5000000),
  ('VER', 'ML20000306ITA', '2027-06-30', 6000000),
  ('VER', 'FD19971110ITA', '2025-06-30', 7000000),
  ('VER', 'DL19901215SRB', '2025-06-30', 4000000),
  ('VER', 'DF19911025ITA', '2024-06-30', 3000000),
  ('VER', 'MC19970415TUR', '2026-06-30', 5000),
  ('VER', 'MV19860511PRT', '2025-06-30', 4000000),
  ('VER', 'AT19940204CMR', '2024-06-30', 4500000),
  ('VER', 'RV19980719GBR', '2026-06-30', 2500000),
  ('VER', 'AB19941203CZE', '2026-06-30', 6000000),
  ('VER', 'NK19880105HRV', '2025-06-30', 3500000),
  ('VER', 'ES20011001ITA', '2024-06-30', 5000000),
  ('VER', 'KL19920814ITA', '2025-06-30', 6000000);
  
INSERT INTO Palmares (NomeTrofeo, Stagione, Squadra)
VALUES
  ('Serie A', '2012-2013', 'JUV'),
  ('Serie A', '2013-2014', 'JUV'),
  ('Serie A', '2014-2015', 'JUV'),
  ('Serie A', '2015-2016', 'JUV'),
  ('Serie A', '2016-2017', 'JUV'),
  ('Serie A', '2017-2018', 'JUV'),
  ('Serie A', '2018-2019', 'JUV'),
  ('Serie A', '2019-2020', 'JUV'),
  ('Serie A', '2020-2021', 'INT'),
  ('Serie A', '2021-2022', 'MIL'),
  ('Serie A', '2022-2023', 'NAP'),
  ('Coppa Italia', '2012-2013', 'LAZ'),
  ('Coppa Italia', '2013-2014', 'NAP'),
  ('Coppa Italia', '2014-2015', 'JUV'),
  ('Coppa Italia', '2015-2016', 'JUV'),
  ('Coppa Italia', '2016-2017', 'JUV'),
  ('Coppa Italia', '2017-2018', 'JUV'),
  ('Coppa Italia', '2018-2019', 'LAZ'),
  ('Coppa Italia', '2019-2020', 'NAP'),
  ('Coppa Italia', '2020-2021', 'JUV'),
  ('Coppa Italia', '2021-2022', 'INT'),
  ('Coppa Italia', '2022-2023', 'INT'),
  ('Champions League', '2019-2020', 'JUV'),
  ('Europa League', '2018-2019', 'INT'),
  ('Conference League', '2021-2022', 'ROM'),
  ('Champions League', '2018-2019', 'MIL'),
  ('Europa League', '2022-2023', 'JUV');

INSERT INTO Arbitro (CF, Nome, Cognome, DataNascita, Nazionalita)
VALUES
    ('RSSMRA60B13H501F', 'Pierluigi', 'Collina', '1960-02-13', 'Italia'),
    ('BRYFLX75E03H501S', 'Felix', 'Brych', '1975-08-03', 'Germania'),
    ('KPRBJR73C28H501V', 'Björn', 'Kuipers', '1973-03-28', 'Paesi Bassi'),
    ('CHLMCH80A01H501U', 'Michael', 'Oliver', '1980-02-01', 'Inghilterra'),
    ('SVNIHR70B22H501R', 'Nicola', 'Rizzoli', '1970-02-22', 'Italia'),
    ('LRVJHN75C09H501C', 'Viktor', 'Kassai', '1975-09-09', 'Ungheria'),
    ('DLVDRM75A15H501W', 'Damir', 'Skomina', '1975-01-15', 'Slovenia'),
    ('GRBRKM85L19H501K', 'Milorad', 'Mažić', '1985-12-19', 'Serbia'),
    ('LLVHCT77D20H501Y', 'Cüneyt', 'Çakır', '1977-01-20', 'Turchia'),
    ('MCLDVL85P02H501B', 'Danny', 'Makkelie', '1983-01-02', 'Paesi Bassi'),
    ('HRLSJN80T01H501D', 'Jonas', 'Eriksson', '1980-11-01', 'Svezia'),
    ('FDNMRC72A10H501P', 'César', 'Arturo Ramos', '1972-10-10', 'Messico'),
    ('NTNSCT74R15H501Q', 'Sandro', 'Ricci', '1974-02-15', 'Brasile'),
    ('DVNKRL73L29H501J', 'Felix', 'Zwayer', '1981-05-29', 'Germania'),
    ('PLNRRC84P18H501M', 'Clément', 'Turpin', '1982-05-18', 'Francia'),
    ('LVLMLR81T03H501Z', 'Mark', 'Clattenburg', '1975-03-03', 'Inghilterra'),
    ('BNZRSS80R06H501G', 'Sergey', 'Karasev', '1983-06-06', 'Russia'),
    ('LLSCTN82S07H501E', 'Szymon', 'Marciniak', '1981-01-07', 'Polonia'),
    ('GRLNNI78P24H501H', 'Daniele', 'Orsato', '1978-05-24', 'Italia'),
    ('CNTTNL77P16H501L', 'Nicola', 'Lanni', '1977-09-16', 'Italia');

INSERT INTO Partita (ID, DataPartita, Avversario, RetiS1, RetiS2, Arbitro, Squadra)
VALUES
    (1, '2023-06-01', 'Lecce', 2, 1, 'RSSMRA60B13H501F', 'ATA'),
    (2, '2023-09-15', 'Inter', 4, 3, 'BRYFLX75E03H501S', 'BOL'),
	(3, '2023-11-02', 'Milan', 1, 2, 'KPRBJR73C28H501V', 'CRE'),
	(4, '2023-07-19', 'Roma', 0, 5, 'CHLMCH80A01H501U', 'EMP'),
	(5, '2023-08-08', 'Juventus', 3, 1, 'SVNIHR70B22H501R', 'FIO'),
	(6, '2023-10-05', 'Napoli', 2, 4, 'SVNIHR70B22H501R', 'INT'),
	(7, '2023-06-25', 'Lazio', 1, 3, 'DLVDRM75A15H501W', 'JUV'),
	(8, '2023-12-12', 'Atalanta', 4, 0, 'GRBRKM85L19H501K', 'LAZ'),
	(9, '2023-09-01', 'Fiorentina', 0, 5, 'MCLDVL85P02H501B', 'LEC'),
	(10, '2023-07-27', 'Sassuolo', 2, 2, 'FDNMRC72A10H501P', 'MIL'),
	(11, '2023-11-18', 'Verona', 3, 1, 'NTNSCT74R15H501Q', 'MON'),
	(12, '2023-06-09', 'Sampdoria', 1, 0, 'LVLMLR81T03H501Z', 'NAP'),
	(13, '2023-08-29', 'Bologna', 2, 4, 'BNZRSS80R06H501G', 'ROM'),
	(14, '2023-10-20', 'Spezia', 0, 3, 'RSSMRA60B13H501F', 'ATA'),
	(15, '2023-07-08', 'Empoli', 1, 2, 'CHLMCH80A01H501U', 'BOL'),
	(16, '2023-12-25', 'Torino', 3, 1, 'GRBRKM85L19H501K', 'FIO'),
	(17, '2023-09-10', 'Udinese', 0, 5, 'DLVDRM75A15H501W', 'SAL'),
	(18, '2023-06-17', 'Napoli', 2, 3, 'MCLDVL85P02H501B', 'SAM'),
	(19, '2023-08-06', 'Fiorentina', 1, 4, 'PLNRRC84P18H501M', 'SAS'),
	(20, '2023-11-04', 'Cremonese', 0, 2, 'DVNKRL73L29H501J', 'SPE'),
	(21, '2023-07-13', 'Lecce', 3, 1, 'RSSMRA60B13H501F', 'TOR'),
	(22, '2023-10-01', 'Monza', 2, 5, 'BRYFLX75E03H501S', 'UDI'),
	(23, '2023-06-21', 'Salernitana', 4, 0, 'KPRBJR73C28H501V', 'VER'),
	(24, '2023-09-19', 'Monza', 1, 3, 'RSSMRA60B13H501F', 'VER'),
	(25, '2023-11-09', 'Juventus', 0, 5, 'LRVJHN75C09H501C', 'NAP'),
	(26, '2023-07-30', 'Sassuolo', 2, 1, 'HRLSJN80T01H501D', 'INT'),
	(27, '2023-12-17', 'Roma', 3, 4, 'LLVHCT77D20H501Y', 'JUV'),
	(28, '2023-09-05', 'Inter', 0, 3, 'LLVHCT77D20H501Y', 'LAZ'),
	(29, '2023-06-13', 'Cremonese', 1, 2, 'DLVDRM75A15H501W', 'LEC'),
	(30, '2023-08-02', 'Atalanta', 4, 1, 'CHLMCH80A01H501U', 'MIL');
    
INSERT INTO Classificata (ID, Nome, Stagione)
VALUES ('SA', 'Serie A', '2022-2023');

INSERT INTO Torneo (ID, Nome, Stagione)
VALUES 
		('CI', 'Coppa Italia', '2022-2023'),
		('UCL', 'Champions League', '2022-2023'),
		('UEL', 'Europa League', '2022-2023'),
		('ECL', 'Conference League', '2022-2023');
        
INSERT INTO PertinenzaClassificata (PartitaID, ClassificataID)
VALUES
    (1, 'SA'),
    (2, 'SA'),
    (3, 'SA'),
    (4, 'SA'),
    (5, 'SA'),
    (6, 'SA'),
    (7, 'SA'),
    (8, 'SA'),
    (9, 'SA'),
    (10, 'SA'),
    (11, 'SA'),
    (12, 'SA'),
    (13, 'SA'),
    (14, 'SA'),
    (15, 'SA'),
    (16, 'SA'),
    (17, 'SA'),
    (18, 'SA'),
    (19, 'SA'),
    (20, 'SA');
    
INSERT INTO PertinenzaTorneo (PartitaID, TorneoID)
VALUES
    (21, 'CI'),
    (22, 'UCL'),
    (23, 'UEL'),
    (24, 'ECL'),
    (25, 'CI'),
    (26, 'UCL'),
    (27, 'UEL'),
    (28, 'ECL'),
    (29, 'CI'),
    (30, 'UCL');
    
INSERT INTO PartecipazioneClassificata (SquadraCodice, ClassificataID, Posizione)
VALUES
  ('ATA', 'SA', 5),
  ('BOL', 'SA', 12),
  ('CRE', 'SA', 2),
  ('EMP', 'SA', 17),
  ('FIO', 'SA', 9),
  ('INT', 'SA', 8),
  ('JUV', 'SA', 14),
  ('LAZ', 'SA', 3),
  ('LEC', 'SA', 11),
  ('MIL', 'SA', 20),
  ('MON', 'SA', 6),
  ('NAP', 'SA', 10),
  ('ROM', 'SA', 13),
  ('SAL', 'SA', 16),
  ('SAM', 'SA', 4),
  ('SAS', 'SA', 19),
  ('SPE', 'SA', 7),
  ('TOR', 'SA', 15),
  ('UDI', 'SA', 1),
  ('VER', 'SA', 18);
  
INSERT INTO PartecipazioneTorneo (SquadraCodice, TorneoID, Fase)
VALUES
    ('ATA', 'CI', 'Gironi'),
    ('BOL', 'CI', 'Ottavi di finale'),
    ('CRE', 'CI', 'Quarti di finale'),
    ('EMP', 'CI', 'Semifinale'),
    ('FIO', 'CI', 'Gironi'),
    ('INT', 'CI', 'Gironi'),
    ('JUV', 'CI', 'Ottavi di finale'),
    ('LAZ', 'CI', 'Quarti di finale'),
    ('LEC', 'CI', 'Semifinale'),
    ('MIL', 'CI', 'Finale'),
    ('MON', 'CI', 'Gironi'),
    ('NAP', 'CI', 'Ottavi di finale'),
    ('ROM', 'CI', 'Quarti di finale'),
    ('SAL', 'CI', 'Semifinale'),
    ('SAM', 'CI', 'Finale'),
    ('SAS', 'CI', 'Gironi'),
    ('SPE', 'CI', 'Ottavi di finale'),
    ('TOR', 'CI', 'Quarti di finale'),
    ('UDI', 'CI', 'Semifinale'),
    ('VER', 'CI', 'Gironi'),
	('JUV', 'UCL', 'Semifinale'),
	('NAP', 'UCL', 'Ottavi di finale'),
	('MIL', 'UCL', 'Gironi'),
	('INT', 'UCL', 'Finale'),
	('ROM', 'UEL', 'Semifinale'),
	('LAZ', 'UEL', 'Ottavi di finale'),
	('FIO', 'ECL', 'Finale');
